"tune_id","tunebooks"
27,5470
55,5045
1,4338
10,4333
71,3915
182,3333
64,3191
8,3061
9,2988
108,2760
116,2737
248,2612
19,2408
73,2373
83,2354
49,2281
475,2272
52,2232
5,2226
42,2222
74,2146
98,2058
106,2014
68,1917
62,1904
449,1903
60,1898
103,1881
651,1800
15,1794
12,1781
197,1772
20,1739
69,1736
72,1736
208,1711
2,1687
113,1680
111,1663
30,1649
92,1625
211,1577
118,1553
75,1506
441,1499
517,1487
250,1469
750,1432
76,1425
702,1419
566,1350
221,1331
1075,1318
589,1302
582,1302
593,1282
256,1277
70,1273
141,1269
793,1264
67,1256
727,1250
29,1243
33,1226
511,1216
307,1180
39,1175
482,1167
543,1163
107,1153
636,1137
138,1133
544,1128
35,1122
86,1121
21,1117
447,1116
518,1109
454,1106
222,1105
114,1090
462,1089
560,1085
399,1079
87,1069
381,1061
4997,1058
26,1052
115,1034
430,1025
89,1022
43,1012
432,1006
105,1000
188,999
18,989
726,977
109,975
346,958
99,956
605,944
88,941
756,940
601,897
219,892
957,886
829,884
562,883
4320,877
2549,872
308,870
703,866
45,864
646,862
84,859
210,857
44,855
602,853
139,851
857,849
790,843
410,843
440,841
363,841
91,837
570,835
151,834
1292,834
2410,834
791,823
335,818
448,818
238,816
5270,814
160,794
382,791
56,789
357,789
2221,786
53,785
1499,777
81,774
476,762
891,753
291,749
879,746
496,745
11,744
477,738
13,737
788,734
388,727
36,724
24,708
471,707
240,700
299,698
1016,689
134,688
310,686
48,685
120,684
1359,683
85,682
236,682
629,678
104,677
1977,673
828,671
271,670
342,670
112,668
775,667
77,667
321,663
34,662
249,661
192,661
2516,660
515,658
1055,657
718,654
261,652
812,643
424,642
1356,637
728,636
358,636
1552,635
1076,634
129,632
481,629
408,628
1080,627
58,627
888,622
93,621
17,619
733,607
667,607
273,606
101,605
423,604
1308,603
302,602
1091,601
195,601
467,600
478,597
1398,586
166,583
5758,581
320,579
397,576
351,573
472,569
696,565
63,563
332,562
634,560
61,558
901,554
259,554
579,553
16,551
1441,550
452,546
322,546
808,545
887,545
206,544
4906,542
41,542
638,537
612,536
563,535
228,535
872,535
771,535
500,534
94,534
513,531
142,529
239,528
384,526
38,523
324,521
281,521
150,517
37,517
159,516
980,515
343,514
556,513
7,512
1638,511
635,511
1447,510
264,509
637,508
23,507
575,506
2204,506
4,503
359,498
474,495
46,495
869,492
50,490
234,488
303,488
1316,484
880,481
1423,481
528,480
283,478
401,477
1148,477
1118,476
1098,475
79,471
1164,470
59,467
227,467
1892,461
174,461
2881,461
986,460
652,460
370,459
514,458
2589,455
1365,455
741,454
380,452
4403,451
820,447
263,446
376,445
125,444
719,444
2434,444
754,444
789,440
1716,440
767,440
5020,439
1301,438
177,438
1863,436
870,436
232,435
1133,434
953,434
1566,434
5476,433
883,432
1077,431
1070,430
1104,429
398,428
4428,426
347,426
948,425
391,425
711,424
537,423
1421,422
1754,422
840,422
483,422
1678,421
389,421
1343,420
2639,420
463,419
843,417
487,417
2706,413
531,413
1272,412
196,411
284,411
1209,410
229,410
976,410
1285,409
161,409
442,407
553,406
816,406
200,405
827,404
418,403
649,403
535,402
143,400
350,399
1468,399
333,397
54,396
6195,396
319,395
406,395
1578,393
921,393
2575,392
1621,391
835,391
185,390
40,389
217,387
327,387
706,385
367,385
769,385
82,384
325,383
1615,381
1340,380
736,380
1807,379
695,378
615,377
594,376
583,376
148,375
724,375
1026,375
1500,374
6867,373
90,373
414,373
2540,372
187,370
207,370
885,370
737,370
705,369
690,369
385,369
1263,368
1746,366
1554,365
429,365
3690,363
457,363
411,363
632,363
841,363
1049,362
223,362
1100,361
787,361
66,360
1307,359
378,357
1035,356
999,355
1303,355
761,355
2224,354
292,353
2025,353
3016,352
663,351
96,350
1446,350
1030,350
864,350
390,350
2254,350
1142,349
7425,347
4735,347
1002,347
2259,346
132,346
9942,346
6,346
2266,346
417,345
1347,345
878,344
369,344
661,344
255,343
590,342
3,342
455,342
851,342
444,342
1462,342
1178,340
1497,340
8085,340
671,339
280,339
720,339
1385,337
729,336
1831,336
938,335
991,335
1218,334
3140,334
814,333
866,333
1581,333
1637,333
2154,332
591,331
1020,330
974,330
1357,329
1027,329
3110,328
387,328
439,328
830,327
1559,327
1048,326
981,326
676,326
147,324
1609,321
1662,321
926,320
725,319
1529,319
1001,318
170,318
1039,318
131,317
532,317
759,315
241,315
80,314
1414,314
765,314
647,314
1369,314
1244,314
548,313
140,311
2082,311
770,311
997,310
996,309
825,307
2170,307
874,306
1634,304
1428,304
433,304
97,303
1185,303
344,303
666,303
669,302
6655,302
1314,302
2067,302
3842,301
371,301
1367,301
1216,300
167,300
846,300
1647,299
5114,299
2249,297
1868,297
202,296
2344,296
2273,296
992,295
1619,294
438,293
1851,293
595,292
4960,291
1949,291
1126,291
987,290
466,289
842,288
1802,288
427,288
819,288
752,288
558,287
184,286
516,286
1060,284
1117,283
1074,283
1372,283
8942,282
345,282
1336,281
1631,281
581,281
181,280
540,280
1756,280
1811,280
2828,280
1200,279
1902,278
1888,278
2395,277
353,277
121,277
990,277
5411,276
748,276
1706,276
2788,275
341,275
445,275
755,274
507,274
1612,274
4101,273
1918,272
4368,272
1112,271
838,271
362,271
1409,271
832,270
1093,270
732,269
1688,269
2686,268
2080,268
1392,268
130,267
936,267
973,267
368,266
574,266
2576,266
746,266
47,266
802,265
1651,265
1857,264
3890,264
5422,264
189,263
1774,263
1232,262
1310,262
1640,261
964,261
193,261
623,260
797,260
975,260
3967,259
179,258
183,258
336,258
1220,258
1736,258
1175,258
3250,257
1177,257
3766,256
1114,256
1732,256
576,256
451,255
1927,255
2050,255
809,255
2539,255
3367,254
4712,254
470,254
2711,254
1170,254
479,254
2536,253
1805,253
780,253
28,252
1214,251
762,251
900,251
529,251
1479,251
1395,250
1085,249
212,249
1606,248
966,248
426,248
1237,247
1579,247
244,247
1667,247
1748,246
794,246
237,246
1138,246
1376,245
578,245
1648,245
1160,245
539,244
6467,244
2620,244
1722,244
1010,244
235,243
4195,243
5353,243
1171,243
1532,243
95,243
1050,242
9747,242
3321,242
1723,242
1815,242
967,241
1453,241
577,241
875,240
910,240
5473,240
2732,240
800,239
2236,239
3217,239
31,239
1843,238
4740,238
1812,238
1819,238
4449,237
785,237
2602,237
1262,236
1311,236
1043,236
587,235
3354,235
1304,235
3191,235
276,235
395,235
1145,235
1827,233
2320,233
731,233
1781,232
1276,231
1382,230
1004,229
1139,229
955,229
803,229
1747,228
404,228
1844,228
2681,228
1749,227
1006,227
656,226
337,226
2285,226
1988,226
4577,225
225,225
786,225
2864,225
1082,224
162,224
365,223
10668,223
2724,223
2120,223
458,223
628,223
3369,222
309,222
3420,222
145,222
2117,222
1474,221
945,220
1147,220
3453,220
1557,220
1038,220
191,220
598,220
565,220
804,220
1617,220
498,220
1555,219
2638,219
710,218
993,218
1270,217
409,217
5418,217
1113,216
572,216
2200,216
1846,215
1061,215
603,215
1430,214
65,214
1163,213
833,213
2064,213
620,212
2271,212
1429,212
1659,211
2217,211
1029,210
896,210
596,210
461,210
7905,210
858,210
2833,209
338,209
865,209
2695,209
1335,209
1130,208
5450,208
2278,208
510,208
1123,208
941,208
674,207
2107,207
6623,207
908,206
772,205
1787,205
1293,205
1761,205
2020,204
1797,204
1822,203
6944,203
3154,203
124,203
1785,202
1936,202
361,202
942,202
2123,201
57,201
2580,201
1849,201
1922,201
5252,200
172,200
298,200
1729,199
1946,199
2996,199
4150,199
943,199
1318,198
1981,198
6862,198
894,197
1341,197
1323,197
2838,197
14,197
2749,196
682,195
3254,194
538,194
186,194
7522,194
5246,194
1605,193
6999,193
1191,193
2610,192
1149,192
1339,192
1251,192
226,192
1334,192
585,192
233,191
419,191
1473,191
988,191
413,191
3125,191
136,190
3637,190
2009,190
176,190
1837,190
1131,189
1598,189
622,188
149,188
1808,188
1980,187
3056,187
545,187
2327,187
2903,187
2227,186
1526,186
6782,186
3160,186
616,186
4635,185
4791,185
660,185
163,184
6275,184
1764,184
133,184
257,184
580,184
110,184
9196,183
1264,183
1783,183
1522,183
935,183
1810,183
1990,183
2936,183
2958,182
691,182
744,182
2631,182
6682,181
5322,181
1107,180
1549,180
1436,179
4236,179
1040,179
1368,179
2601,179
6914,179
958,179
4786,179
1011,179
604,178
2332,178
3434,178
5590,178
4070,178
1333,178
2047,178
1735,177
2860,177
312,177
1432,176
2483,176
547,176
861,175
3411,175
2337,175
6673,175
1390,175
1565,175
5583,174
1052,174
373,174
8494,174
3363,174
6833,173
355,173
243,173
4896,173
1443,173
1358,172
3786,172
947,172
9629,172
1600,172
2677,171
839,171
2290,171
1299,170
3049,170
4323,170
5772,170
2228,170
2465,170
818,170
4952,170
1496,170
1760,170
1110,170
1087,169
1985,169
2168,169
3270,169
492,168
1154,168
1758,168
949,167
1523,167
1437,167
2402,167
679,167
1366,167
2973,167
3746,167
4484,166
2231,166
2303,166
806,166
693,165
905,165
1535,165
1165,164
1755,164
2403,164
614,164
165,163
1015,163
270,163
2938,163
5386,163
571,162
9635,162
2261,162
3237,161
5278,161
642,161
2081,161
2777,161
180,160
5675,160
640,160
2712,160
173,160
5901,160
175,160
4377,159
621,159
670,159
573,159
5179,159
169,159
6839,159
884,159
1573,158
2317,158
10023,158
323,158
1480,158
428,157
1408,157
3859,156
7859,156
3809,156
2177,156
5021,156
2136,155
1083,155
1636,155
1062,155
2438,154
435,154
1268,154
509,154
1954,154
278,154
3081,154
2905,154
2599,153
8547,153
2307,153
314,153
1045,153
1750,152
2629,152
760,152
3867,152
5936,152
3931,152
1023,152
1471,151
78,151
5404,151
5135,151
2816,150
773,150
3612,150
1768,150
1769,150
1057,150
1387,150
1762,150
2241,149
8940,149
876,149
2613,149
2944,149
3052,149
1327,149
1258,149
7639,149
9593,149
2411,149
4789,148
1433,148
7844,148
2281,148
559,148
5737,148
3396,148
2542,148
4587,148
3168,147
655,147
2555,147
4176,147
1594,147
4185,147
5151,147
1388,147
1096,146
1064,146
5561,146
1625,146
658,146
1018,146
6508,146
3019,146
4389,146
4184,146
1536,145
1569,145
269,145
758,145
1051,145
1950,145
1901,145
9825,145
32,144
917,144
1508,144
2161,144
613,144
1564,144
3837,144
1744,144
1726,143
3352,143
6415,143
1119,143
970,143
6463,143
738,142
7222,142
1966,142
4782,142
6049,142
536,141
3053,141
6319,141
1346,141
2301,141
1454,141
4149,141
1374,140
6198,140
1101,140
10655,140
7480,140
1364,140
157,140
699,140
922,140
2510,140
619,140
1230,139
2518,139
3278,139
4754,139
272,139
2525,139
3161,139
3954,139
465,139
1534,139
704,139
1265,138
831,138
1560,138
1205,138
1296,138
2743,137
9234,137
4194,137
2180,137
5742,137
4170,136
2476,136
743,136
2193,136
3636,136
3076,136
4290,136
2060,136
2286,136
665,136
1351,136
2039,135
4353,135
2698,135
533,135
6939,134
1180,134
1841,134
488,134
204,134
1402,134
1348,134
294,134
664,134
8973,134
3919,134
554,133
119,133
557,133
3718,133
2251,133
716,133
1273,133
2716,133
1393,132
2646,132
10255,132
644,132
882,132
1003,132
3459,132
1207,132
2386,132
3065,132
2980,131
9488,131
3893,131
3835,131
5479,131
1515,131
2479,130
2379,130
648,130
1330,130
1921,130
5921,130
2115,130
2684,130
10881,130
2607,129
2923,129
1464,129
1730,129
1875,129
201,129
1934,129
1235,129
6057,129
1610,129
6171,129
1143,129
1459,129
1975,129
1777,129
2372,129
8007,128
5582,128
3312,128
9907,128
810,128
1360,128
6386,128
311,128
2509,128
4420,127
2746,127
505,127
1305,127
2635,127
2430,127
4256,127
7927,127
2389,127
2531,127
267,126
2908,126
6124,126
1540,126
102,126
4540,126
782,126
5767,126
774,125
1415,125
2460,125
624,125
1556,125
4158,125
1169,125
1089,125
2087,124
3575,124
5195,124
9002,124
1221,124
1105,124
1155,124
8859,124
242,124
393,124
9917,124
3042,124
1548,124
2083,124
14109,123
6348,123
3256,123
4361,123
3172,123
2824,123
277,123
3023,123
3059,123
4114,123
5883,123
2888,123
1911,122
692,122
1894,122
2652,122
3210,122
5182,122
6531,122
2877,122
1832,122
2699,122
2148,122
5405,122
2668,121
1538,121
6756,121
3257,121
8980,121
2156,121
1591,121
9695,121
10785,121
989,121
1703,121
4883,120
4977,120
1765,120
199,120
1198,120
4123,120
2837,120
2319,120
3437,120
6388,120
3640,120
3105,120
8919,120
5080,119
1047,119
1872,119
673,119
7077,119
304,119
290,119
4585,119
3287,119
2316,118
8616,118
1770,118
1790,118
1425,118
1649,118
2624,118
2761,118
586,117
502,117
2376,117
708,117
386,117
9584,117
372,117
7920,117
2637,117
2526,117
717,117
6030,117
1275,117
5555,117
4225,117
5067,116
641,116
8453,116
15449,116
2735,116
3564,116
1426,116
1260,116
3806,115
1709,115
8755,115
2890,115
6204,115
918,115
1491,115
2466,115
1059,115
633,115
1885,115
6788,115
844,114
1588,114
1283,114
3206,114
6354,114
1090,114
1274,114
2919,114
6482,114
3145,113
3393,113
1362,113
1524,113
328,113
7397,113
1231,112
2834,112
998,112
3655,112
811,112
3261,112
1452,112
1290,112
3993,112
1511,112
1939,112
12579,112
1599,112
4953,112
2739,112
1652,112
9303,112
551,112
1413,111
3146,111
2377,111
1784,111
2210,111
3454,111
5018,111
3456,111
4967,111
1788,111
3340,111
1683,111
1208,111
10682,111
4806,111
1963,110
135,110
853,110
10030,110
1854,109
654,109
5430,109
1484,109
6718,109
3593,109
3092,109
4370,109
2625,109
1820,108
1855,108
3888,108
2006,108
2632,108
4579,108
340,108
747,108
3002,108
3156,108
1493,108
7272,108
6899,108
2626,107
2667,107
9126,107
1677,107
2998,107
1420,107
425,107
1239,107
3103,107
1370,107
2530,107
7525,107
4954,107
534,107
9559,106
3942,106
5808,106
2103,106
3653,106
1449,106
252,106
3945,106
7080,106
763,106
2876,106
4331,106
2144,106
1720,106
1174,106
431,106
5248,106
1583,106
2132,106
685,106
723,105
10364,105
4192,105
4942,105
2997,105
7993,105
4232,105
1714,105
1219,105
3001,105
5375,105
815,105
971,105
394,105
1974,105
1550,105
1584,105
569,104
1570,104
2765,104
931,104
1397,104
4487,104
1069,104
7632,104
4625,104
10389,104
2094,104
3303,104
494,104
158,104
4393,104
6604,104
2937,104
2014,104
450,104
5713,104
266,103
2068,103
2101,103
2223,103
5806,103
1655,103
4196,103
2108,103
3473,103
3833,103
1580,103
1739,103
2826,103
836,103
1058,103
4132,103
8280,102
9711,102
2393,102
2458,102
504,102
1984,102
203,102
2697,102
5610,102
7237,102
1871,101
1281,101
1553,101
6998,101
352,101
3070,101
4087,101
1255,101
2544,101
4495,101
2861,101
1294,101
2387,101
2435,101
2704,101
501,100
2353,100
3410,100
1466,100
2264,100
2896,100
171,100
1759,100
1941,100
246,100
928,99
3068,99
3088,99
7096,99
2708,99
3038,99
952,99
5057,99
2507,99
7715,99
379,99
9077,98
2033,98
5366,98
521,98
5874,98
2157,98
1306,98
10545,98
3659,98
5207,98
5478,98
1248,97
4305,97
983,97
2358,97
5972,97
7264,97
508,97
1917,97
2007,97
1937,97
9070,97
493,97
6876,97
1224,97
412,97
2756,97
4844,97
1312,97
4357,97
2815,97
2293,96
334,96
946,96
2820,96
1250,96
5915,96
1644,96
2040,96
2141,96
2125,96
10678,96
3425,96
3626,96
5554,96
2097,96
8479,96
1097,95
5318,95
7048,95
1664,95
512,95
2988,95
2759,95
4376,95
9268,95
944,94
962,94
3943,94
5215,94
2191,94
1767,94
898,94
1951,94
4661,94
4581,94
855,94
6375,94
2407,94
7454,94
3500,93
3205,93
3333,93
8188,93
1086,93
1593,93
4066,93
4930,93
5379,93
2304,93
2640,93
313,93
3064,93
7472,93
1194,92
215,92
2571,92
2647,92
1657,92
1874,92
9853,92
2497,92
3889,92
5496,92
5358,92
2288,92
4805,92
6192,92
7872,92
3977,92
6500,92
1996,91
6885,91
5486,91
5584,91
7098,91
694,91
274,91
730,91
2428,91
2618,91
3679,91
4628,91
3531,91
768,91
1025,91
1582,91
2147,91
1371,91
4301,90
2118,90
3291,90
1575,90
2481,90
356,90
4180,90
2898,90
3854,90
11867,90
5324,90
4990,90
2348,90
3084,90
434,89
4190,89
7609,89
9741,89
9659,89
9761,89
3212,89
10620,89
4932,89
564,89
4862,89
2329,89
178,89
3940,88
5031,88
2940,88
3576,88
2212,88
137,88
1036,88
8096,88
5550,88
6166,88
3283,88
2561,88
3122,88
1796,88
8698,88
4421,87
4552,87
6179,87
2397,87
4250,87
899,87
7653,87
5039,87
1701,87
3214,87
3817,87
3422,87
4724,87
1332,87
5746,87
7528,87
5347,86
10935,86
1948,86
3130,86
3577,86
4105,86
1608,86
4717,86
9601,86
779,86
1527,86
1562,86
4028,86
3935,86
4895,86
3083,86
1818,86
5654,86
10070,86
1669,86
2666,86
3290,85
859,85
1013,85
1710,85
3749,85
1116,85
1000,85
9989,85
10129,85
1881,85
1665,85
5304,85
2776,85
925,85
1313,85
3607,85
2188,84
2764,84
8281,84
3486,84
5623,84
1033,84
2872,84
7228,84
714,84
2484,84
680,84
698,84
1424,84
2485,84
3443,84
5867,84
1277,84
3326,84
6524,83
4400,83
1589,83
2053,83
4535,83
6279,83
2748,83
459,83
2383,83
156,83
1492,83
7218,83
2863,83
2886,83
3551,83
3346,83
5117,83
400,82
1317,82
1181,82
6651,82
3226,82
8853,82
491,82
5797,82
5994,82
5042,82
7035,82
11484,81
739,81
8107,81
5083,81
4679,81
7267,81
5779,81
1772,81
2899,81
749,81
7502,81
2452,81
6343,81
2862,81
2472,81
8294,81
10193,81
2257,81
3366,80
5136,80
826,80
1672,80
4508,80
7061,80
1607,80
1137,80
2805,80
3772,80
4042,80
527,80
9802,80
5647,80
1187,80
1596,80
3307,80
4499,80
6271,80
2572,79
3906,79
1642,79
1017,79
7043,79
9293,79
2522,79
7595,79
1878,79
10319,79
6244,79
2197,79
7157,79
3872,79
2268,79
3548,79
260,79
1024,79
6970,79
7736,79
2152,78
4191,78
2707,78
3767,78
5410,78
9522,78
1249,78
1876,78
6924,78
5108,78
3418,78
8344,78
15398,78
2323,78
1440,78
2917,78
5745,78
1190,78
2012,78
2989,78
4318,78
684,78
6587,78
9574,78
8976,77
7623,77
7346,77
1856,77
2209,77
2611,77
2630,77
2853,77
8665,77
8927,77
934,77
4349,77
4644,77
3228,77
3438,77
1544,77
6599,77
4043,77
2163,77
546,77
5552,77
2878,77
6170,77
6479,77
2289,77
11921,77
1078,77
5826,77
10466,77
2292,77
2309,77
7741,76
1179,76
10215,76
1731,76
3615,76
3131,76
2445,76
2999,76
2912,76
12701,76
6321,76
11331,76
5300,76
5377,76
5780,76
1920,76
2680,76
4045,76
8516,76
480,76
2528,76
8162,76
7398,76
3162,76
3857,76
331,76
5616,76
8792,75
5581,75
7205,75
3808,75
1247,75
1571,75
8090,75
51,75
3768,75
8154,75
4160,75
2283,75
11275,75
1189,75
3897,75
329,75
721,75
1585,75
1926,75
2151,75
3347,74
5618,74
2867,74
3221,74
1246,74
1196,74
2173,74
2419,74
4574,74
420,74
2478,74
2943,74
8395,74
2105,74
1574,74
5835,74
1184,74
8873,74
3599,74
8439,74
1630,74
8137,74
3912,74
5628,74
5880,74
3119,74
3697,74
8582,74
3643,74
5132,74
10845,74
8900,74
214,73
10447,73
7402,73
2956,73
9596,73
2207,73
6664,73
2425,73
542,73
1786,73
9743,73
12526,73
3319,73
2772,73
3583,73
4273,73
10944,73
7885,73
4047,73
2489,73
2604,73
10176,73
6235,72
2608,72
3730,72
877,72
1338,72
2669,72
3965,72
11398,72
8231,72
5217,72
5370,72
5834,72
6183,72
1469,72
4464,72
2195,72
3471,72
2427,72
1828,72
3376,72
697,72
834,72
8138,72
5593,72
2845,72
1159,72
1776,72
1668,72
3684,72
8028,71
9288,71
1014,71
5909,71
2689,71
4461,71
4486,71
2359,71
8835,71
813,71
2248,71
7335,71
10007,71
2653,71
7482,71
7539,71
2823,71
5956,71
3137,71
7431,71
3377,71
6841,71
3779,71
9249,71
4435,71
821,71
2456,71
3941,70
5467,70
2088,70
4306,70
11897,70
2449,70
3358,70
7599,70
3512,70
7355,70
4312,70
8257,70
3644,70
8462,70
14008,70
5905,70
2149,70
11698,70
10429,70
1498,70
6329,70
2566,70
1012,69
3109,69
4171,69
469,69
1197,69
2554,69
7386,69
2766,69
4021,69
2520,69
2910,69
6983,69
3489,69
951,69
1254,69
4198,69
11114,69
630,69
5684,69
1140,69
1702,69
5477,69
9899,69
3216,69
4239,69
4074,69
4784,69
2408,69
2719,69
3252,69
3570,69
6135,69
3271,69
9688,68
6237,68
2296,68
2870,68
1417,68
6417,68
6632,68
4139,68
8418,68
4872,68
2380,68
3281,68
2839,68
3211,68
1611,68
2858,68
9568,68
1919,68
2543,68
3022,68
4474,68
4606,68
127,68
7359,68
1603,67
7492,67
7767,67
4833,67
1914,67
2728,67
7388,67
4927,67
2915,67
9969,67
920,67
2986,67
1386,67
1684,67
3585,67
279,67
5226,67
5325,67
3235,67
4569,67
1094,67
3957,67
4830,66
5388,66
4282,66
4382,66
4460,66
5216,66
2298,66
3541,66
489,66
541,66
5756,66
1034,66
3244,66
8132,66
4140,66
2983,66
4947,66
1509,66
3175,66
1632,66
1757,66
1972,66
1793,66
2527,66
2622,66
5712,66
892,66
2586,66
1670,65
961,65
2492,65
2995,65
4553,65
5367,65
1766,65
3469,65
4620,65
9945,65
6923,65
8668,65
5529,65
6760,65
4858,65
295,65
3495,65
4544,65
2603,65
5748,65
1129,64
1229,64
5137,64
3861,64
2357,64
422,64
1658,64
1982,64
2263,64
7746,64
8470,64
2211,64
6741,64
154,64
7392,64
2233,64
4295,64
2901,64
3896,64
4707,64
1514,64
3345,64
4710,64
1079,64
4206,63
3200,63
2172,63
3826,63
9323,63
3050,63
5295,63
1590,63
1858,63
7317,63
7897,63
3887,63
4964,63
2594,63
4680,63
9168,63
7959,63
919,63
6422,63
3247,63
1510,63
1106,63
9456,63
600,63
5361,63
2584,63
330,63
7327,63
4808,63
364,63
5327,63
2474,63
3464,62
3922,62
9849,62
10430,62
3012,62
3147,62
6813,62
6666,62
2122,62
4537,62
4795,62
10457,62
6009,62
2093,62
2655,62
12615,62
4354,62
9210,62
1814,62
3838,62
5983,62
6628,61
4507,61
2312,61
3671,61
8264,61
2871,61
10853,61
7245,61
8033,61
1286,61
3739,61
5533,61
3342,61
2166,61
3005,61
5763,61
6133,61
6031,61
5962,61
3783,61
3106,61
4899,60
5558,60
4811,60
6089,60
4036,60
4713,60
2441,60
3314,60
4905,60
2399,60
3847,60
9526,60
1715,60
3262,60
3735,60
22,60
3970,60
1186,60
2026,60
4145,60
2128,60
8256,60
3584,60
5959,60
2096,60
4743,60
7309,60
2902,60
2952,60
8046,60
8535,60
2663,60
4300,60
2831,60
5291,59
2277,59
8979,59
7365,59
863,59
1067,59
354,59
456,59
5719,59
2002,59
2982,59
7116,59
7614,59
7671,59
2771,59
3796,59
2933,59
3458,59
9347,59
2165,59
4450,59
1009,59
2098,59
4204,59
4591,59
9537,59
6462,59
1707,59
3839,59
5046,59
7929,59
7148,58
7422,58
3501,58
3631,58
4154,58
317,58
5119,58
5695,58
5753,58
2208,58
3089,58
4344,58
5451,58
7152,58
7557,58
1859,58
7862,58
3508,58
2964,58
2448,58
4891,58
14300,58
2524,58
2654,58
7710,58
8237,58
8492,58
1056,58
6130,58
2619,58
9474,58
7199,58
3818,58
4542,58
4824,58
5799,58
6842,58
2325,58
2659,58
7980,58
10878,58
1242,58
1833,58
8640,58
2099,58
5503,58
5081,57
6717,57
2850,57
11306,57
8394,57
8469,57
4678,57
10038,57
1321,57
10006,57
7045,57
3338,57
8252,57
8854,57
1543,57
7445,57
2897,57
1088,57
1288,57
4091,57
5705,57
11203,57
7617,57
2045,57
4201,57
7089,57
9193,57
6786,57
6880,57
3180,57
5424,57
12550,57
8315,57
10361,57
7719,57
11228,56
7294,56
6219,56
2417,56
8008,56
8662,56
285,56
5891,56
555,56
10471,56
3414,56
4247,56
5016,56
2001,56
3091,56
3594,56
3657,56
643,56
9873,56
1679,56
4234,56
5626,56
4539,56
4857,56
1737,56
2126,56
3757,56
6148,56
7140,56
8308,56
375,56
6061,56
1456,56
3041,56
1740,56
4314,56
1650,56
6552,56
4316,56
7236,56
2488,56
8918,56
5061,56
6660,56
5539,56
5729,56
6136,56
2222,56
484,55
7681,55
3431,55
9755,55
6997,55
3924,55
1622,55
7191,55
3111,55
4714,55
742,55
3051,55
4904,55
3151,55
8542,55
473,55
5197,55
5162,55
6298,55
3153,55
5374,55
6437,55
2232,55
3020,55
561,55
2215,55
7373,55
8514,55
854,55
5649,55
1406,55
6249,55
2305,55
2345,55
2545,55
1686,55
1957,55
6643,55
4299,55
5480,55
1568,55
2922,55
3999,54
9233,54
5524,54
5657,54
5732,54
5771,54
4137,54
6315,54
2244,54
9380,54
5953,54
7063,54
9620,54
2091,54
8214,54
2076,54
3851,54
969,54
3302,54
6114,54
1719,54
8080,54
8895,54
9510,54
5629,54
5862,54
1614,54
1882,54
2252,54
7904,54
9299,54
5008,54
10734,54
1908,54
2308,54
3027,54
3163,54
3878,54
2721,54
893,53
6138,53
1517,53
1890,53
6849,53
2352,53
2705,53
3127,53
3573,53
3748,53
3962,53
2817,53
6466,53
3014,53
3031,53
8685,53
10180,53
2690,53
6142,53
916,53
1183,53
6093,53
10511,53
6529,53
1952,53
3490,53
3526,53
3948,53
4026,53
781,53
8822,53
5798,53
6341,53
3741,53
8583,53
3895,53
5762,53
6494,53
10701,53
7184,53
6047,53
9555,53
8975,53
2532,53
3182,52
9461,52
2779,52
2832,52
3860,52
6052,52
1337,52
8628,52
5193,52
3827,52
3864,52
1824,52
8342,52
4600,52
2400,52
7428,52
5127,52
5241,52
6724,52
6263,52
7941,52
8931,52
4217,52
5183,52
7067,52
2429,52
2753,52
2968,52
3058,52
5706,52
5902,52
10733,52
6567,52
7033,52
2130,52
11407,52
2237,52
2508,52
7357,52
10427,52
8124,52
4261,52
230,52
5750,52
3630,51
12951,51
5965,51
4731,51
1518,51
4696,51
709,51
3297,51
2498,51
13197,51
10039,51
5757,51
5877,51
6094,51
1660,51
7444,51
2731,51
7809,51
10495,51
1577,51
1120,51
1718,51
2636,51
2734,51
4272,51
10204,51
2679,51
5074,51
3080,51
3304,51
9681,51
7087,51
7851,51
377,51
5782,51
3586,51
8639,51
8729,51
4203,51
5444,51
10360,51
6554,51
2904,51
5847,51
7891,51
4359,50
4865,50
8465,50
5408,50
5852,50
1195,50
10469,50
1839,50
1928,50
5543,50
9691,50
7041,50
777,50
2651,50
2911,50
4444,50
1627,50
3794,50
3911,50
5040,50
9172,50
10481,50
6990,50
3063,50
3996,50
7091,50
4864,50
9036,49
5540,49
7474,49
6197,49
4440,49
1501,49
4209,49
11326,49
4774,49
932,49
7575,49
7726,49
10316,49
3946,49
9639,49
10183,49
6385,49
7100,49
3598,49
4890,49
3246,49
4447,49
374,49
2504,49
10425,49
6657,49
7924,49
4475,49
8333,49
6288,49
3745,49
4097,49
4187,49
1044,49
1959,49
2473,49
8570,49
9793,49
4672,48
5012,48
2569,48
8645,48
2086,48
3555,48
3169,48
3223,48
8229,48
4639,48
5487,48
5562,48
9986,48
2176,48
2461,48
4426,48
4515,48
985,48
9585,48
1400,48
11620,48
2750,48
1986,48
9531,48
5337,48
798,48
3193,48
2987,48
2253,48
8567,48
3532,48
5382,48
2829,48
4728,48
5306,48
8587,48
6120,48
6697,48
12270,48
8296,47
6698,47
7110,47
2392,47
7438,47
3255,47
4458,47
9016,47
1693,47
2781,47
4961,47
5050,47
1624,47
1964,47
3634,47
3711,47
7936,47
4888,47
9927,47
1895,47
2556,47
7559,47
13286,47
7390,47
7560,47
1490,47
1525,47
8634,47
4214,47
4623,47
9435,47
6059,47
2143,47
4892,47
7501,47
12406,47
2062,47
3231,47
681,47
10516,47
1350,47
13709,47
1391,47
1618,47
8145,47
4881,47
5999,47
2134,47
8068,46
4034,46
1763,46
2373,46
7239,46
1821,46
10633,46
2036,46
4304,46
4383,46
7042,46
8284,46
4384,46
592,46
5314,46
965,46
5935,46
4556,46
4660,46
9719,46
8034,46
5818,46
2501,46
1072,46
6670,46
4839,46
5204,46
6167,46
3265,46
3758,46
4218,46
13306,46
4332,46
6728,46
2199,46
2269,46
7636,46
8444,46
5381,46
5402,46
5611,46
4167,46
683,46
5783,46
2623,46
7738,46
10031,46
1924,46
11447,46
7604,46
7679,46
4418,46
9687,46
5596,46
5945,46
4189,45
9177,45
2994,45
7531,45
10313,45
10507,45
11771,45
3521,45
5468,45
9103,45
776,45
5527,45
10146,45
3033,45
8576,45
11931,45
2873,45
152,45
1877,45
7137,45
8983,45
9047,45
5298,45
10025,45
10476,45
1771,45
8564,45
9858,45
852,45
5760,45
7849,45
9786,45
1349,45
6729,45
11678,45
2951,45
3268,45
4825,45
6747,45
2660,45
3701,45
4031,45
4276,45
9496,45
5460,45
2030,45
2662,45
3007,45
6519,45
9076,45
10446,45
2974,45
5597,44
10521,44
6501,44
3590,44
8522,44
5064,44
5099,44
5752,44
7223,44
8683,44
4037,44
4886,44
9359,44
1132,44
2835,44
3296,44
8593,44
10091,44
5773,44
1751,44
13158,44
5142,44
9759,44
6907,44
7460,44
3987,44
9343,44
9818,44
6184,44
6596,44
4041,44
713,44
9911,44
6225,44
1699,44
9932,44
1037,44
3992,44
1222,44
2916,44
9071,44
10223,44
2468,44
8196,44
9030,44
9136,44
9154,44
4860,44
10965,44
2774,44
8728,44
10410,44
1531,44
1850,44
6991,44
3461,44
9790,44
2388,44
2813,44
7837,44
3704,44
13537,44
128,44
10068,44
3236,44
4242,44
6521,44
1960,44
2514,44
3481,43
1945,43
3239,43
8467,43
5831,43
7702,43
4534,43
6433,43
7914,43
5678,43
5698,43
2649,43
13632,43
523,43
1068,43
6336,43
2074,43
8012,43
8437,43
4269,43
9105,43
5258,43
3676,43
3831,43
627,43
11218,43
2213,43
9744,43
7139,43
123,43
2967,43
12561,43
8654,43
9877,43
5609,43
1188,43
15050,43
6265,43
8655,43
8970,43
4802,43
1866,43
2562,43
7714,43
9513,43
9591,43
1158,43
1794,43
2971,43
8223,43
5077,43
650,43
10502,43
6749,43
8624,43
6253,43
2291,43
9460,43
568,43
5481,43
9999,43
5887,43
7855,43
3199,42
3707,42
8920,42
9499,42
9904,42
4035,42
8921,42
4321,42
4692,42
4994,42
10363,42
1639,42
6850,42
2957,42
10233,42
7933,42
4362,42
10003,42
3224,42
5313,42
2927,42
3986,42
675,42
3017,42
3830,42
3968,42
5661,42
1053,42
6873,42
5836,42
7410,42
9567,42
5975,42
1438,42
6530,42
3563,42
10301,42
11055,42
8384,42
1309,42
3663,42
4113,42
5185,42
10600,42
1813,42
7486,42
4166,42
5186,42
9607,42
10048,42
2471,42
7817,42
4223,42
9685,42
9901,42
1427,42
2185,42
3143,42
3628,42
13910,42
1127,42
6714,42
3253,42
1708,42
11080,42
468,41
3687,41
6484,41
6919,41
10490,41
7150,41
437,41
11343,41
3353,41
8613,41
4003,41
8816,41
4998,41
6055,41
8092,41
3279,41
3523,41
9835,41
10957,41
2821,41
5453,41
12492,41
5436,41
11348,41
8652,41
9384,41
11091,41
7213,41
3545,41
3639,41
5739,41
1663,41
6565,41
6637,41
7541,41
3320,41
4647,41
11795,41
12441,41
783,41
5995,41
2809,41
3178,41
3568,41
3916,41
8258,41
10174,41
1353,41
8004,41
3197,41
3325,41
9865,41
7588,41
3028,41
8571,40
4653,40
4730,40
4993,40
909,40
1315,40
1838,40
7130,40
8700,40
4018,40
9428,40
5365,40
1375,40
10689,40
9984,40
8868,40
10056,40
1115,40
11049,40
6887,40
4104,40
8999,40
4231,40
4887,40
2783,40
5679,40
3034,40
8267,40
8360,40
5334,40
6908,40
2804,40
3716,40
4856,40
14762,40
2041,40
10095,40
10980,40
3661,40
8913,40
5056,40
5110,40
5497,40
5861,40
10439,40
7198,40
2859,40
3021,40
597,40
5284,40
1563,40
7797,40
4525,40
9155,40
5686,40
11696,40
11939,40
7964,40
8274,40
4765,40
5115,40
1635,40
1992,40
11446,40
2683,40
4745,40
805,40
822,40
10308,40
6954,40
2921,40
8659,40
4634,40
5635,40
4882,39
5483,39
5655,39
1245,39
2085,39
6937,39
8204,39
4615,39
216,39
4919,39
5138,39
6610,39
2459,39
7364,39
7591,39
4246,39
5717,39
5733,39
1302,39
6366,39
6961,39
2226,39
7667,39
3828,39
8869,39
4598,39
5159,39
5277,39
1084,39
10315,39
2073,39
2767,39
4402,39
254,39
933,39
6056,39
6241,39
1825,39
7194,39
1592,39
6634,39
8544,39
4517,39
153,39
9507,39
10024,39
1861,39
2541,39
2577,39
3472,39
3717,39
9169,39
9490,39
9699,39
10458,39
6801,39
11675,39
5416,39
10045,39
8289,39
8475,39
8839,39
5091,39
6188,39
4432,39
5725,39
1141,39
8348,39
5208,39
5423,39
7163,39
11610,39
2454,39
5188,39
14498,39
5595,39
10156,39
10175,39
7203,39
7873,39
8164,39
3822,39
3899,39
4358,39
9408,39
5289,39
9977,39
994,39
10554,39
6254,39
5787,38
7589,38
4481,38
5309,38
6465,38
3293,38
8813,38
5157,38
5275,38
6072,38
16212,38
4597,38
10491,38
1823,38
1930,38
6737,38
4401,38
5256,38
7078,38
2747,38
5085,38
1381,38
6615,38
7650,38
4023,38
8963,38
9800,38
10219,38
2300,38
3299,38
8419,38
4328,38
9566,38
11032,38
7462,38
2947,38
4197,38
1682,38
11638,38
8176,38
9049,38
4949,38
9365,38
5957,38
5976,38
10459,38
3158,38
4255,38
5958,38
2405,38
7467,38
7962,38
3476,38
8673,38
5131,38
6116,38
10927,38
7105,38
3323,38
3681,38
10644,38
6730,38
6930,38
2433,38
10342,38
8181,38
3462,38
12844,38
5384,38
5502,38
10227,38
2548,38
3979,38
5689,38
1193,38
1211,38
2606,38
4937,37
9772,37
653,37
5429,37
1463,37
7491,37
8318,37
8483,37
3825,37
3880,37
9059,37
9162,37
9338,37
2069,37
2687,37
486,37
6107,37
7953,37
4156,37
4230,37
4695,37
9598,37
5233,37
10295,37
11965,37
8057,37
168,37
506,37
5792,37
1733,37
7770,37
3675,37
5858,37
8946,37
4270,37
5897,37
2092,37
2142,37
2875,37
7729,37
5837,37
1953,37
6875,37
9724,37
10731,37
2560,37
3622,37
7121,37
2324,37
8239,37
8915,37
13325,37
10621,37
6390,37
7637,37
7887,37
8916,37
4355,37
2114,37
11445,37
3820,37
10645,37
7987,37
3781,37
4477,37
4785,37
753,37
5844,37
1144,37
2720,37
7739,37
3385,37
13206,37
4437,37
6234,37
7930,36
8537,36
8660,36
4153,36
927,36
7074,36
7764,36
3408,36
4244,36
4900,36
4918,36
5292,36
4155,36
9198,36
4850,36
1840,36
2052,36
11342,36
12487,36
10401,36
7316,36
3149,36
4512,36
522,36
10763,36
8798,36
9023,36
4599,36
5125,36
5604,36
5857,36
6352,36
1643,36
3560,36
4578,36
5736,36
10148,36
4125,36
5512,36
6892,36
7811,36
8362,36
3990,36
5109,36
6619,36
2340,36
4111,36
4182,36
9642,36
1022,36
6822,36
3441,36
8330,36
2754,36
3139,36
3249,36
972,36
2146,36
2431,36
11153,36
11278,36
8003,36
9250,36
9536,36
5727,36
6101,36
2272,36
3384,36
8899,36
4417,36
4548,36
9283,36
5010,36
6015,36
1243,36
7471,36
7854,36
12329,36
3998,36
6175,36
16550,36
3535,35
9321,35
5063,35
688,35
5907,35
6716,35
12733,35
8866,35
5330,35
1065,35
8206,35
3633,35
8612,35
1099,35
2909,35
3015,35
3258,35
9182,35
5585,35
5659,35
7668,35
8888,35
4536,35
1983,35
2022,35
12645,35
4124,35
626,35
10165,35
1967,35
11234,35
2499,35
7958,35
3579,35
1153,35
12058,35
8060,35
3282,35
8114,35
3544,35
9027,35
4271,35
5589,35
2559,35
715,35
902,35
1455,35
10841,35
7006,35
2404,35
8159,35
10732,35
3285,35
8178,35
3915,35
4894,35
4951,35
4970,35
7308,35
7779,35
8064,35
4072,35
6214,35
6359,35
6442,35
2029,35
7982,35
3936,35
8917,35
2369,35
7418,35
7818,35
9319,35
5326,35
11426,35
7436,35
8067,35
265,35
1128,35
10487,35
1944,35
11427,35
2778,35
9058,34
4262,34
9940,34
3183,34
8627,34
3841,34
9444,34
5619,34
10707,34
1604,34
8247,34
8433,34
3652,34
9039,34
6540,34
10974,34
2225,34
2243,34
4979,34
1032,34
3090,34
3673,34
8508,34
3788,34
4363,34
5369,34
5755,34
6222,34
1434,34
6434,34
2836,34
8926,34
5052,34
847,34
6023,34
10435,34
11233,34
7175,34
2854,34
8945,34
5037,34
2360,34
3395,34
4467,34
7283,34
3318,34
8512,34
3930,34
678,34
9991,34
6456,34
7500,34
662,34
7616,34
4183,34
4762,34
4840,34
5166,34
3159,34
5263,34
1547,34
6533,34
3233,34
3855,34
13430,34
6084,34
11205,34
2583,34
8312,34
8445,34
5133,34
5961,34
6553,34
2013,34
11645,34
3533,34
5095,34
10119,34
11226,34
2455,34
7419,34
13602,34
213,34
10248,34
6217,34
6291,34
3553,33
4457,33
9215,33
4917,33
2171,33
2491,33
11785,33
11854,33
3519,33
5175,33
10231,33
2017,33
2051,33
3013,33
3222,33
3276,33
5311,33
9869,33
9906,33
1031,33
7260,33
7296,33
9485,33
6541,33
10937,33
8249,33
4345,33
4658,33
9672,33
11145,33
3656,33
5105,33
5564,33
2462,33
8489,33
3619,33
8455,33
8490,33
5163,33
5955,33
6243,33
2770,33
7864,33
6355,33
1879,33
6743,33
7321,33
7353,33
7672,33
3397,33
8618,33
9472,33
5089,33
1545,33
10769,33
7581,33
2949,33
8271,33
3546,33
6044,33
6803,33
2715,33
7777,33
3759,33
4165,33
9552,33
10303,33
6064,33
6230,33
4130,33
5667,33
1225,33
6603,33
6641,33
11188,33
7780,33
3234,33
5227,33
9863,33
4373,33
4608,33
9479,33
10050,33
2239,33
12124,33
8625,33
9057,33
8125,32
3727,32
9141,32
4531,32
9710,32
5638,32
10488,32
8262,32
5231,32
10160,32
5890,32
10589,32
1962,32
7363,32
8070,32
520,32
5349,32
6140,32
2942,32
12520,32
4868,32
5933,32
5951,32
6398,32
15513,32
7348,32
7878,32
4058,32
4980,32
6038,32
7686,32
4175,32
5017,32
14506,32
14810,32
10594,32
10674,32
8171,32
4385,32
1542,32
2160,32
9547,32
3263,32
3638,32
5474,32
2059,32
2985,32
4646,32
9587,32
10222,32
11150,32
7268,32
2825,32
7655,32
12171,32
2027,32
2079,32
2451,32
3360,32
4742,32
10322,32
10373,32
1476,32
8240,32
8273,32
5865,32
1108,32
6497,32
6863,32
8121,32
4240,32
6270,32
1906,32
2065,32
7659,32
3044,32
7965,32
13931,32
5669,32
10412,32
6881,32
2585,32
7762,32
4133,32
4549,32
315,32
9848,32
7037,32
7437,32
11835,32
7783,32
4078,31
10230,31
10269,31
5927,31
8227,31
3482,31
8504,31
9500,31
5598,31
5949,31
6380,31
11176,31
2570,31
3330,31
8556,31
4693,31
11143,31
2925,31
8507,31
4283,31
9146,31
963,31
7458,31
11999,31
7685,31
4138,31
4424,31
4734,31
5970,31
6022,31
6296,31
6487,31
10956,31
6889,31
8488,31
9221,31
1504,31
1626,31
7318,31
8397,31
3617,31
3754,31
4889,31
950,31
1897,31
7282,31
7748,31
4491,31
5280,31
1287,31
6688,31
7117,31
7370,31
2857,31
8855,31
9048,31
5938,31
5992,31
6186,31
2267,31
2948,31
2966,31
3098,31
3491,31
9296,31
5398,31
8116,31
8531,31
3950,31
4164,31
9113,31
5262,31
5301,31
9898,31
4524,31
360,31
2621,31
7601,31
7618,31
2935,31
8767,31
700,31
1705,31
3006,31
4545,31
9457,31
10518,31
6215,31
2220,31
2972,31
5461,31
9938,31
7819,31
3198,31
8863,31
5172,31
1261,31
11191,31
12347,30
4593,30
13730,30
1146,30
6218,30
7093,30
12935,30
4302,30
4532,30
9813,30
6396,30
6772,30
6976,30
8775,30
4322,30
4459,30
9271,30
5640,30
930,30
5950,30
11838,30
2891,30
8468,30
8923,30
9236,30
9412,30
1416,30
10672,30
11598,30
7242,30
7332,30
7648,30
2852,30
3370,30
8452,30
8758,30
5791,30
10673,30
3829,30
9854,30
9890,30
1199,30
1234,30
15429,30
2299,30
4817,30
4854,30
9415,30
9781,30
2282,30
8723,30
14182,30
5702,30
6205,30
1629,30
6473,30
1845,30
7229,30
8724,30
4602,30
9206,30
9313,30
5145,30
5356,30
10496,30
3949,30
8802,30
9933,30
868,30
1073,30
1238,30
1403,30
6356,30
16307,30
12668,30
3797,30
14286,30
6115,30
7945,30
3215,30
4391,30
5026,30
6045,30
6099,30
11589,30
11641,30
2470,30
2918,30
3400,30
12930,30
1241,30
7125,30
11712,30
12063,30
3382,30
13343,30
10049,30
5842,30
6443,30
6731,30
1942,30
6992,30
7107,30
7470,30
3364,30
8350,30
3587,30
13582,30
4897,30
3629,30
9939,30
7312,30
7699,30
8261,29
4503,29
4571,29
9668,29
1620,29
10865,29
7313,29
7345,29
7875,29
8354,29
3981,29
9143,29
4551,29
10122,29
6071,29
6903,29
2295,29
9463,29
6276,29
6558,29
11719,29
7514,29
2979,29
3503,29
8357,29
402,29
5508,29
14824,29
2155,29
7173,29
2443,29
8541,29
3886,29
4174,29
13844,29
4962,29
5718,29
10920,29
2038,29
2192,29
8131,29
4364,29
4775,29
13807,29
5296,29
7427,29
11807,29
7880,29
3152,29
8560,29
8577,29
3909,29
4159,29
4946,29
5086,29
5180,29
5371,29
1168,29
6489,29
1916,29
2023,29
2124,29
7368,29
2929,29
3093,29
3134,29
3793,29
3813,29
8836,29
13704,29
526,29
10784,29
6455,29
8382,29
8744,29
9722,29
9948,29
6762,29
7774,29
3077,29
8457,29
3773,29
9111,29
4798,29
4705,29
2658,29
8601,29
3973,29
5840,29
7051,29
7161,29
4843,29
5303,29
9727,29
10117,29
15175,29
1775,29
11390,29
3426,29
3569,29
5060,29
10306,29
10483,29
1687,29
7505,29
7678,29
3479,29
8388,29
4168,29
5171,29
10014,29
6345,29
11663,29
8500,29
9140,29
10015,29
1653,29
6994,29
7073,29
11801,29
2741,29
7642,29
4226,28
300,28
5328,28
1063,28
6395,28
10506,28
11102,28
7554,28
12756,28
8867,28
4303,28
9144,28
5082,28
5100,28
436,28
9614,28
5449,28
10470,28
6294,28
6314,28
6450,28
6904,28
2628,28
7992,28
3332,28
3731,28
5122,28
5432,28
9852,28
5754,28
5969,28
6054,28
11929,28
8377,28
1361,28
1487,28
11289,28
6962,28
8266,28
14633,28
10527,28
11030,28
5625,28
7791,28
8305,28
9026,28
4837,28
5645,28
6653,28
1898,28
2024,28
2179,28
8215,28
8947,28
5003,28
10353,28
10996,28
6725,28
2250,28
16067,28
8038,28
4739,28
1439,28
4969,28
5839,28
6440,28
10964,28
7160,28
7850,28
8878,28
5440,28
5979,28
7287,28
7584,28
2970,28
3549,28
3743,28
3953,28
9031,28
9317,28
9535,28
5459,28
1042,28
1092,28
1867,28
7106,28
2453,28
7852,28
3306,28
3627,28
3802,28
8826,28
5824,28
6409,28
6518,28
11299,28
3877,28
9012,28
9267,28
14206,28
5538,28
1210,28
6361,28
10986,28
2203,28
4117,28
4652,28
10587,28
2187,28
11448,28
8006,27
3669,27
3900,27
9866,27
5870,27
3274,27
9305,27
5448,27
1081,27
1394,27
6539,27
2242,27
7423,27
7624,27
3184,27
9670,27
9851,27
10331,27
1519,27
6504,27
11230,27
6886,27
11397,27
7076,27
7744,27
3751,27
4002,27
5158,27
10020,27
14857,27
6037,27
6683,27
3032,27
8961,27
13334,27
4324,27
5124,27
5178,27
1182,27
2089,27
8073,27
3769,27
8594,27
4211,27
10147,27
6203,27
1752,27
7079,27
8190,27
3488,27
8982,27
9003,27
4365,27
5393,27
10275,27
1136,27
1753,27
7195,27
2946,27
3317,27
8361,27
8472,27
3868,27
8782,27
4308,27
4538,27
13829,27
1324,27
1661,27
11691,27
3562,27
3677,27
9110,27
4520,27
5860,27
3457,27
3511,27
12648,27
5146,27
5456,27
14726,27
6010,27
2696,27
2714,27
7635,27
2841,27
3079,27
12475,27
12725,27
8986,27
766,27
6149,27
1848,27
6988,27
7449,27
4706,27
9455,27
5075,27
904,27
10098,27
11057,27
11117,27
3343,27
4013,27
5441,27
9862,27
5518,27
871,27
5942,27
6326,27
6426,27
6534,27
2167,27
16122,27
7524,27
3024,27
8387,27
5997,27
6014,27
6153,27
7889,27
8123,27
6499,27
2031,27
7166,27
8182,27
3938,27
13065,27
4319,27
9214,27
6069,27
1481,27
2490,27
7328,27
11871,27
3010,27
3823,26
146,26
5047,26
552,26
5346,26
14537,26
6157,26
1654,26
6753,26
6918,26
3086,26
3329,26
8957,26
1300,26
11210,26
2035,26
6868,26
7171,26
11770,26
2924,26
8127,26
12624,26
3688,26
4229,26
9145,26
4867,26
14278,26
9756,26
5389,26
10271,26
11486,26
11945,26
5034,26
5390,26
1539,26
6525,26
6575,26
10954,26
15551,26
2138,26
2496,26
2961,26
4618,26
4921,26
9926,26
6278,26
2444,26
3225,26
4853,26
9326,26
5434,26
5643,26
1435,26
6318,26
10711,26
6740,26
11180,26
2729,26
5200,26
5413,26
5793,26
5973,26
6144,26
6224,26
11181,26
2265,26
8094,26
3543,26
8761,26
13546,26
9243,26
9294,26
1103,26
6185,26
10562,26
11053,26
6705,26
6925,26
2965,26
8420,26
5607,26
5627,26
1325,26
4090,26
13636,26
5357,26
10531,26
6404,26
6423,26
6512,26
6967,26
2467,26
2807,26
3003,26
5184,26
5498,26
5940,26
1328,26
1597,26
6764,26
11257,26
11295,26
11553,26
7735,26
3120,26
3442,26
3603,26
8566,26
8727,26
495,26
631,26
9765,26
5781,26
1240,26
10894,26
11152,26
11746,26
8161,26
8310,26
3514,26
8584,26
8897,26
4147,26
4630,26
14288,26
10029,26
923,26
10189,26
10392,26
1666,26
7677,26
5269,26
5442,26
6569,26
2701,26
2793,26
3026,26
3821,26
3997,26
4394,26
13601,26
144,26
9809,26
10948,26
2186,26
7256,26
16362,26
2847,26
8005,26
3447,26
3920,26
4570,26
4975,26
5079,26
9730,26
5580,26
6447,26
6645,26
1870,26
1909,26
6883,26
2084,26
11784,26
3273,25
3407,25
8279,25
8464,25
4787,25
5406,25
9958,25
5828,25
1162,25
10738,25
11872,25
12397,25
8087,25
3536,25
5506,25
14576,25
6001,25
8089,25
3611,25
8885,25
9961,25
1782,25
6792,25
11177,25
11194,25
7095,25
11470,25
3313,25
3556,25
14396,25
914,25
2648,25
12110,25
7805,25
8072,25
3752,25
5141,25
5433,25
5491,25
11399,25
7097,25
7861,25
9448,25
6816,25
3542,25
8632,25
8705,25
13180,25
5511,25
9910,25
10351,25
1269,25
6164,25
6562,25
2075,25
7247,25
12278,25
8075,25
3356,25
3561,25
4404,25
4699,25
9697,25
6856,25
2787,25
2930,25
2984,25
4760,25
10185,25
11551,25
7793,25
4603,25
9491,25
9913,25
10080,25
10943,25
11953,25
3138,25
3529,25
8969,25
4199,25
9437,25
5205,25
5439,25
9859,25
7757,25
8290,25
5092,25
5458,25
10284,25
5920,25
1173,25
6189,25
7069,25
8460,25
3760,25
5823,25
2046,25
11354,25
7341,25
7376,25
2775,25
2812,25
12689,25
8517,25
4588,25
9728,25
6360,25
6376,25
6535,25
11225,25
2757,25
4032,25
10931,25
2703,25
7988,25
8790,25
4033,25
8992,25
9096,25
13839,25
5096,25
5463,25
1028,25
5926,25
11004,25
6917,25
7400,25
8371,24
3879,24
4611,24
4976,24
5693,24
979,24
10194,24
5851,24
2205,24
2849,24
8069,24
8431,24
3650,24
12809,24
3901,24
4119,24
4227,24
13731,24
5013,24
6523,24
2744,24
8355,24
6090,24
10540,24
10779,24
1873,24
11432,24
2477,24
7440,24
16384,24
3277,24
5101,24
9797,24
5873,24
10417,24
6665,24
6793,24
2072,24
11754,24
2892,24
12050,24
12200,24
3112,24
9740,24
1150,24
10383,24
10798,24
10938,24
6721,24
11344,24
7000,24
11582,24
11670,24
7366,24
12237,24
3674,24
4268,24
4792,24
5235,24
9718,24
10576,24
10613,24
7227,24
2673,24
7612,24
7629,24
3394,24
4106,24
8909,24
4307,24
9327,24
9946,24
5720,24
1102,24
1935,24
6891,24
2229,24
11455,24
7481,24
4178,24
4737,24
9223,24
5335,24
5566,24
10220,24
14877,24
2482,24
3620,24
8707,24
4064,24
5703,24
10579,24
10730,24
1646,24
6780,24
7304,24
7598,24
8016,24
3264,24
3439,24
8857,24
9225,24
5900,24
15519,24
2181,24
7413,24
7484,24
7903,24
8000,24
3492,24
13164,24
9679,24
14353,24
954,24
5821,24
15066,24
7028,24
11623,24
8001,24
3399,24
3530,24
13358,24
10065,24
1633,24
6913,24
7433,24
7657,24
3305,24
8179,24
4726,24
14220,24
734,24
5535,24
9952,24
10285,24
6100,24
6269,24
10752,24
6408,24
2346,24
7271,24
2487,24
2546,24
7696,24
7947,24
8102,24
3515,24
8367,24
8712,24
4258,24
9118,24
4607,24
5169,24
9827,24
5577,24
5668,24
10226,24
10463,24
11002,24
6898,24
7255,24
11732,24
7603,24
3124,24
8586,24
9729,24
9792,24
9828,24
1192,24
10486,24
2643,24
11905,24
2814,24
7890,24
8771,24
4205,24
4456,24
4846,24
4898,24
9442,24
5062,24
9770,24
10120,24
5804,24
10211,24
1411,24
6955,24
2939,24
3429,23
4957,23
9426,23
5211,23
5522,23
6572,23
7892,23
7968,23
8297,23
8794,23
8812,23
4360,23
13859,23
5156,23
9886,23
6331,23
11193,23
12234,23
8186,23
8484,23
12828,23
8573,23
5232,23
6485,23
11248,23
2070,23
11702,23
7493,23
11980,23
8009,23
8187,23
8524,23
13880,23
251,23
9655,23
5331,23
5350,23
6239,23
1641,23
10868,23
11178,23
11858,23
8265,23
13491,23
403,23
657,23
5810,23
10593,23
7135,23
12184,23
3113,23
4463,23
5510,23
10543,23
6633,23
2593,23
3316,23
8760,23
4286,23
5315,23
10256,23
6111,23
10561,23
6337,23
7688,23
7938,23
16892,23
3227,23
3417,23
8669,23
4142,23
10657,23
6490,23
11090,23
11759,23
11776,23
2617,23
3357,23
8269,23
4126,23
4143,23
13389,23
4468,23
645,23
867,23
6096,23
6438,23
7026,23
2302,23
7921,23
7977,23
4703,23
9152,23
4910,23
293,23
9763,23
6283,23
15751,23
7181,23
3100,23
8726,23
4390,23
5570,23
1206,23
6011,23
6131,23
10750,23
2600,23
2900,23
7979,23
4841,23
5150,23
9951,23
10751,23
10911,23
2486,23
2582,23
2755,23
12173,23
3875,23
4095,23
5168,23
6046,23
6712,23
7567,23
3142,23
8180,23
12617,23
8696,23
8788,23
4131,23
9094,23
4498,23
9572,23
14205,23
5612,23
10602,23
12361,23
3498,23
8334,23
8991,23
9139,23
4845,23
9251,23
194,23
14043,23
1834,23
6973,23
7072,23
11816,23
2740,23
7660,23
12211,23
17124,23
10228,23
6411,23
10898,23
2993,23
8086,22
4134,22
960,22
5984,22
6000,22
6430,22
2796,22
7606,22
7664,22
7951,22
8774,22
9519,22
9653,22
5542,22
15041,22
7111,22
7240,22
7858,22
3201,22
8756,22
4102,22
9081,22
9394,22
9501,22
9597,22
9690,22
895,22
6773,22
11650,22
12316,22
4103,22
9164,22
9715,22
14648,22
10833,22
11633,22
7860,22
3540,22
8558,22
3944,22
13195,22
9447,22
9581,22
9717,22
5332,22
9798,22
10075,22
5734,22
10273,22
10333,22
6161,22
1806,22
6814,22
15961,22
16181,22
7459,22
11948,22
12627,22
3616,22
8981,22
4425,22
9342,22
5412,22
10092,22
10274,22
1151,22
6039,22
10455,22
11051,22
7350,22
2692,22
12301,22
8304,22
17354,22
8889,22
9046,22
4835,22
9275,22
5126,22
610,22
9760,22
9892,22
5644,22
1152,22
11825,22
7919,22
3115,22
8113,22
9416,22
5038,22
10061,22
5721,22
6025,22
1809,22
6618,22
1969,22
11475,22
7248,22
11637,22
7847,22
7997,22
8173,22
12926,22
4162,22
9069,22
5072,22
5203,22
14435,22
5778,22
11314,22
7754,22
13078,22
8968,22
9007,22
4559,22
4583,22
6301,22
6548,22
11676,22
2579,22
2789,22
8364,22
4893,22
9605,22
5245,22
14799,22
11659,22
11954,22
8747,22
4877,22
9626,22
10172,22
10582,22
2028,22
2113,22
2270,22
7675,22
8019,22
3722,22
3836,22
3995,22
4414,22
9265,22
9369,22
5027,22
14105,22
14187,22
10534,22
10772,22
6767,22
7070,22
7451,22
2682,22
7585,22
7737,22
3761,22
8585,22
13909,22
297,22
9975,22
1109,22
7202,22
2641,22
7948,22
12549,22
4015,22
9335,22
9573,22
5288,22
9976,22
5803,22
6102,22
1724,22
6536,22
3008,22
7949,22
3365,22
9882,22
1297,22
1725,22
10915,22
6571,22
2240,22
12551,21
3685,21
8588,21
4810,21
5272,21
10249,21
6330,21
11428,21
8052,21
3311,21
3708,21
8682,21
4207,21
366,21
10523,21
6158,21
1587,21
7765,21
7991,21
9060,21
14128,21
10381,21
1215,21
10432,21
1485,21
1711,21
3451,21
13473,21
4733,21
4851,21
9340,21
5177,21
9888,21
10709,21
6505,21
12129,21
8302,21
8575,21
4157,21
4266,21
9083,21
9360,21
9465,21
14280,21
5351,21
5952,21
6593,21
11564,21
7496,21
2709,21
12256,21
12470,21
3753,21
4513,21
9274,21
220,21
5069,21
9657,21
10218,21
5912,21
5989,21
10403,21
6143,21
6223,21
2246,21
7995,21
8074,21
8213,21
8285,21
12852,21
4212,21
4757,21
306,21
5435,21
881,21
10093,21
6454,21
1860,21
6668,21
6723,21
7003,21
12629,21
8690,21
4024,21
13651,21
9527,21
5202,21
5454,21
9856,21
5916,21
10890,21
2381,21
11585,21
7336,21
7352,21
7499,21
7750,21
8078,21
8984,21
5221,21
5663,21
10422,21
6207,21
6654,21
2008,21
11569,21
2578,21
7634,21
9187,21
5320,21
9896,21
6080,21
10598,21
6475,21
10858,21
7085,21
7214,21
7521,21
7564,21
3230,21
8099,21
3284,21
3602,21
4027,21
4523,21
5130,21
9804,21
9934,21
10565,21
10581,21
1865,21
11093,21
11534,21
7339,21
8405,21
3641,21
8548,21
3994,21
9009,21
5302,21
5744,21
6342,21
6516,21
6602,21
7340,21
11796,21
2844,21
8711,21
4046,21
4971,21
9996,21
940,21
10341,21
1495,21
6568,21
6585,21
10984,21
11118,21
2326,21
7487,21
8020,21
8142,21
8861,21
8880,21
10791,21
6624,21
16259,21
8066,21
8499,21
3804,21
8862,21
9075,21
9194,21
9424,21
14681,21
14731,21
6625,21
1993,21
6865,21
3144,21
3181,21
8225,21
8370,21
3571,21
4049,21
9035,21
14009,21
9631,21
10268,21
6033,21
6429,21
11262,21
7092,21
7344,21
12067,21
3085,21
7910,21
8203,20
8353,20
3608,20
8448,20
13017,20
8772,20
4243,20
4480,20
13973,20
9392,20
9830,20
5672,20
5768,20
6412,20
1690,20
7329,20
11751,20
3349,20
8337,20
4263,20
485,20
9633,20
9941,20
14664,20
5731,20
10178,20
11578,20
11909,20
7572,20
8505,20
8795,20
198,20
9520,20
5525,20
10347,20
6238,20
11266,20
11892,20
3241,20
8434,20
4790,20
4814,20
5066,20
9757,20
845,20
1377,20
10592,20
10797,20
1712,20
6941,20
2297,20
2396,20
2670,20
7703,20
8056,20
8091,20
8924,20
9063,20
9779,20
5602,20
6526,20
11011,20
6738,20
2054,20
2336,20
11617,20
12033,20
8211,20
4022,20
4285,20
9524,20
9545,20
5452,20
5528,20
14651,20
5700,20
5894,20
6527,20
7136,20
11756,20
2615,20
7576,20
7937,20
8111,20
3470,20
3770,20
13056,20
8818,20
4233,20
5107,20
9565,20
5472,20
5776,20
10420,20
10745,20
15806,20
7064,20
11655,20
11706,20
2822,20
7651,20
3018,20
8562,20
3850,20
8743,20
9068,20
4758,20
4796,20
9260,20
9468,20
5144,20
677,20
5681,20
5794,20
10336,20
6007,20
10421,20
6299,20
6370,20
1681,20
11674,20
3095,20
12473,20
8253,20
3832,20
8820,20
4984,20
5299,20
9762,20
9821,20
14474,20
10008,20
5796,20
6079,20
6511,20
11033,20
6893,20
11605,20
7337,20
7580,20
7848,20
8098,20
8530,20
4009,20
8948,20
13273,20
9134,20
4875,20
9385,20
5261,20
5282,20
10354,20
10874,20
6911,20
11744,20
12340,20
17020,20
3873,20
3913,20
4237,20
4665,20
5025,20
5724,20
5977,20
10390,20
6081,20
10842,20
6515,20
6969,20
7086,20
7600,20
3194,20
8532,20
8710,20
8804,20
8933,20
4666,20
9316,20
9606,20
5685,20
10133,20
6150,20
6267,20
15559,20
7450,20
11919,20
7869,20
8549,20
4030,20
9054,20
4371,20
4451,20
4564,20
9191,20
5500,20
10134,20
10263,20
6013,20
10426,20
15001,20
11020,20
7009,20
11480,20
7288,20
11679,20
7325,20
7434,20
2792,20
8293,20
17122,20
3780,20
13047,20
9156,20
9478,20
5152,20
5710,20
7310,20
2564,20
7452,20
11869,20
2920,20
12289,20
8369,20
8604,20
9033,20
4880,20
4974,20
9515,20
6644,20
2116,20
7128,20
8295,20
12769,20
9121,20
13398,20
4479,20
4502,20
9160,20
9320,20
9336,20
4956,20
5521,20
10157,20
1551,20
10811,20
1853,20
6715,20
6974,20
8165,19
4341,19
4419,19
13766,19
231,19
9518,19
9577,19
9595,19
14377,19
9979,19
6734,19
6771,19
6790,19
6995,19
9038,19
13331,19
13628,19
4770,19
5253,19
5559,19
5931,19
2153,19
7018,19
2535,19
7382,19
2588,19
11786,19
7475,19
12315,19
3350,19
3520,19
8450,19
3963,19
4245,19
4264,19
13715,19
10035,19
10161,19
10609,19
10650,19
11009,19
1947,19
1998,19
7424,19
11928,19
7804,19
7895,19
8832,19
8998,19
9199,19
4903,19
5255,19
9739,19
792,19
9943,19
9985,19
982,19
6003,19
1521,19
10991,19
6834,19
6905,19
2590,19
7843,19
7896,19
8435,19
9041,19
13648,19
9834,19
915,19
10349,19
10492,19
10526,19
1378,19
15252,19
6351,19
11310,19
3435,19
8303,19
8417,19
3635,19
8509,19
8559,19
8614,19
3811,19
8631,19
3908,19
4039,19
13301,19
9104,19
5352,19
10419,19
6297,19
6368,19
10744,19
16114,19
12353,19
12776,19
3692,19
8742,19
9433,19
6127,19
10577,19
2616,19
3054,19
8134,19
8438,19
8511,19
3947,19
9109,19
13371,19
339,19
9489,19
5355,19
9947,19
1252,19
10639,19
10695,19
10766,19
15342,19
6838,19
12187,19
8236,19
8491,19
12818,19
8892,19
4681,19
9186,19
13981,19
5917,19
10640,19
6300,19
10908,19
2042,19
2752,19
7562,19
7690,19
8079,19
4821,19
9785,19
10026,19
14638,19
6600,19
6802,19
2078,19
6948,19
2342,19
11778,19
11899,19
7673,19
12119,19
7814,19
8932,19
4369,19
4911,19
15034,19
6373,19
10893,19
2950,19
3952,19
4200,19
4334,19
4648,19
4987,19
9878,19
5534,19
10188,19
15190,19
6358,19
11554,19
12651,19
8496,19
8533,19
4335,19
9571,19
5841,19
10443,19
10601,19
1991,19
11424,19
2717,19
7602,19
12514,19
3744,19
4115,19
4650,19
9174,19
9440,19
9706,19
14338,19
735,19
6118,19
6480,19
10879,19
11574,19
7219,19
11815,19
8163,19
8713,19
4633,19
550,19
5825,19
5998,19
10464,19
6308,19
6570,19
11060,19
11098,19
15777,19
7311,19
7399,19
4076,19
9013,19
416,19
9557,19
5426,19
10327,19
6679,19
11140,19
6866,19
2351,19
7188,19
11628,19
11942,19
7662,19
12292,18
16902,18
8226,18
8430,18
3747,18
8753,18
4711,18
316,18
5118,18
14483,18
10000,18
5714,18
10138,18
5805,18
5948,18
10345,18
10362,18
6105,18
10630,18
1586,18
11005,18
6646,18
2413,18
2550,18
2723,18
2906,18
4750,18
301,18
9612,18
9669,18
5788,18
14790,18
5871,18
2189,18
7149,18
7276,18
11944,18
7952,18
3632,18
8646,18
3881,18
4885,18
9358,18
9378,18
5214,18
5716,18
5872,18
10450,18
2190,18
2260,18
7172,18
7347,18
12089,18
3129,18
8540,18
13244,18
9102,18
4773,18
9272,18
9379,18
9962,18
5622,18
10124,18
5809,18
5832,18
1066,18
10433,18
2000,18
11772,18
7477,18
7515,18
7556,18
7574,18
7592,18
7768,18
7788,18
7935,18
8010,18
3732,18
13072,18
13157,18
13543,18
13734,18
9200,18
14448,18
9908,18
10037,18
10402,18
6202,18
6335,18
10710,18
6452,18
6469,18
15588,18
6702,18
6853,18
7174,18
7193,18
2574,18
11822,18
7516,18
7628,18
7789,18
12220,18
8170,18
3371,18
9084,18
4347,18
4755,18
13999,18
9432,18
14196,18
10350,18
15061,18
6162,18
10727,18
11087,18
11162,18
11251,18
7002,18
7022,18
11400,18
11583,18
7517,18
2784,18
3373,18
3578,18
3792,18
8615,18
13613,18
4736,18
5218,18
524,18
778,18
5816,18
10404,18
1698,18
11217,18
2557,18
2693,18
7498,18
7577,18
3173,18
13477,18
4557,18
9450,18
9602,18
9621,18
14996,18
10979,18
6635,18
11015,18
7101,18
11742,18
7792,18
8135,18
8306,18
8327,18
8563,18
8580,18
8837,18
4492,18
9245,18
9603,18
5395,18
9968,18
10130,18
10203,18
10857,18
11183,18
6821,18
2077,18
11403,18
7047,18
11440,18
2596,18
2678,18
7830,18
3601,18
8474,18
8692,18
8838,18
9262,18
4929,18
14419,18
5551,18
6097,18
10564,18
10715,18
10981,18
6708,18
6927,18
6987,18
2450,18
3057,18
7884,18
8255,18
8620,18
8746,18
13578,18
9247,18
9588,18
9823,18
10010,18
10187,18
6302,18
1528,18
10999,18
1955,18
11185,18
11239,18
2287,18
2385,18
7307,18
7694,18
8309,18
3493,18
8841,18
9092,18
9663,18
5400,18
9995,18
5863,18
10243,18
6132,18
2366,18
7946,18
8366,18
3700,18
8622,18
8656,18
8806,18
8825,18
13116,18
13743,18
4933,18
4989,18
14304,18
5651,18
1442,18
10718,18
10824,18
11058,18
11318,18
12229,18
3682,18
8843,18
13133,18
4096,18
4476,18
9750,18
1226,18
6134,18
10568,18
6307,18
11189,18
7053,18
2547,18
7781,18
8200,18
8242,18
8552,18
9119,18
4766,18
4807,18
4935,18
5249,18
9686,18
6216,18
7186,18
7621,18
8553,18
8714,18
8828,18
4339,18
6627,18
15722,18
2390,18
7361,18
2848,18
7763,18
12656,17
4050,17
4280,17
13364,17
349,17
9443,17
10212,17
10396,17
10588,17
6255,17
1780,17
10988,17
7056,17
2310,17
7720,17
4079,17
9197,17
9254,17
9270,17
5329,17
9831,17
9850,17
6035,17
6503,17
6609,17
11007,17
6681,17
11666,17
7646,17
8922,17
4208,17
4343,17
4596,17
4638,17
4751,17
4813,17
4940,17
4996,17
9411,17
5049,17
5176,17
5254,17
9714,17
9775,17
5507,17
10073,17
10105,17
10724,17
10936,17
6812,17
6920,17
6977,17
11632,17
2745,17
12109,17
12295,17
8282,17
3710,17
3984,17
4020,17
4265,17
4920,17
14792,17
10382,17
10574,17
1572,17
10919,17
10975,17
11231,17
2121,17
7208,17
7297,17
7494,17
7626,17
3522,17
8415,17
3810,17
9341,17
13977,17
9413,17
5051,17
9758,17
10004,17
10199,17
5934,17
10472,17
6240,17
10904,17
6614,17
6650,17
6942,17
2691,17
2801,17
8359,17
4249,17
4555,17
4963,17
4981,17
9504,17
9964,17
5624,17
10164,17
6722,17
11146,17
2318,17
7898,17
3114,17
3132,17
8595,17
8779,17
4643,17
9240,17
10077,17
5990,17
6855,17
2338,17
2464,17
7613,17
12150,17
8235,17
8268,17
8399,17
13388,17
13884,17
5317,17
9894,17
9930,17
10110,17
10318,17
10369,17
11273,17
2361,17
11656,17
7597,17
7633,17
8036,17
8529,17
8911,17
4558,17
4663,17
5242,17
10168,17
1021,17
10370,17
10563,17
10616,17
10942,17
11293,17
7066,17
11827,17
8194,17
8513,17
12819,17
8653,17
8725,17
3971,17
9839,17
5664,17
937,17
10338,17
5993,17
6208,17
6227,17
1789,17
2110,17
7448,17
7465,17
11917,17
3248,17
3359,17
12961,17
3972,17
4011,17
9315,17
9402,17
14103,17
5112,17
9764,17
5516,17
10027,17
10283,17
1172,17
10408,17
10716,17
11018,17
6877,17
7007,17
11405,17
11588,17
7394,17
7815,17
12307,17
12341,17
13464,17
9533,17
5224,17
5499,17
5517,17
10116,17
5882,17
1124,17
10461,17
10500,17
1494,17
1721,17
2063,17
11479,17
11695,17
7356,17
7544,17
8426,17
8674,17
8695,17
126,17
5286,17
9767,17
9845,17
9918,17
10501,17
1477,17
10662,17
11171,17
6845,17
6971,17
11781,17
11797,17
7469,17
11849,17
7906,17
3344,17
9011,17
4336,17
4372,17
4688,17
9266,17
4934,17
549,17
9846,17
9953,17
5633,17
5652,17
5687,17
6172,17
10735,17
6826,17
2202,17
8428,17
8770,17
8844,17
9095,17
9998,17
6086,17
10684,17
10720,17
11627,17
7343,17
7526,17
11958,17
7800,17
12141,17
8201,17
3705,17
12863,17
4992,17
9610,17
9752,17
10413,17
6156,17
6733,17
6848,17
7274,17
2955,17
12142,17
3047,17
12465,16
12713,16
3784,16
3980,16
8993,16
9122,16
9161,16
4847,16
9253,16
9794,16
5464,16
10033,16
10379,16
6051,16
10607,16
11141,16
11175,16
6975,16
11395,16
7038,16
2258,16
7168,16
11540,16
2475,16
11802,16
7700,16
7911,16
8126,16
17158,16
8449,16
4135,16
8977,16
9216,16
164,16
4849,16
9322,16
9357,16
14012,16
5484,16
10001,16
10034,16
10088,16
5830,16
10291,16
5966,16
10431,16
6178,16
6364,16
11614,16
2551,16
7722,16
7785,16
3450,16
12658,16
8591,16
4019,16
8978,16
4533,16
5014,16
5560,16
14666,16
6349,16
2137,16
2553,16
7476,16
8300,16
3689,16
8718,16
13105,16
9040,16
9870,16
5526,16
5790,16
10314,16
6073,16
10508,16
10525,16
6350,16
10741,16
10780,16
6592,16
1913,16
6978,16
16856,16
8487,16
8630,16
8648,16
9020,16
9257,16
5545,16
14599,16
5855,16
6092,16
6835,16
15846,16
11364,16
12091,16
12148,16
7955,16
13612,16
9583,16
609,16
10108,16
14943,16
10473,16
1541,16
6836,16
2055,16
3416,16
12557,16
3715,16
3734,16
8722,16
4040,16
4982,16
14051,16
490,16
848,16
6040,16
10436,16
10494,16
1470,16
10838,16
6617,16
11474,16
2676,16
7706,16
12258,16
3525,16
12743,16
12925,16
8965,16
4213,16
9088,16
4427,16
4601,16
4983,16
5414,16
6058,16
6779,16
11724,16
12169,16
3116,16
8670,16
3870,16
8874,16
13183,16
4367,16
13867,16
9329,16
9345,16
14019,16
14101,16
9549,16
5415,16
14620,16
10062,16
14763,16
5819,16
6026,16
7654,16
2931,16
3678,16
13531,16
4522,16
9246,16
9509,16
9876,16
10009,16
11167,16
11846,16
3176,16
8039,16
8600,16
3894,16
8949,16
13235,16
4470,16
4684,16
13888,16
9366,16
5005,16
326,16
9532,16
5283,16
5338,16
10114,16
10460,16
6638,16
11035,16
11134,16
2010,16
7049,16
2365,16
2505,16
7674,16
7923,16
8347,16
3567,16
9248,16
13984,16
5666,16
10224,16
10340,16
10409,16
6824,16
7234,16
8044,16
8101,16
12444,16
8292,16
8332,16
8406,16
8879,16
8971,16
13726,16
5264,16
6151,16
1616,16
6658,16
11259,16
2368,16
7201,16
7504,16
11956,16
7658,16
3123,16
9032,16
9138,16
4914,16
9554,16
10067,16
10359,16
10444,16
10702,16
6392,16
10862,16
11172,16
6846,16
2238,16
11481,16
11748,16
7435,16
7488,16
16478,16
7853,16
12230,16
3104,16
8224,16
3445,16
3646,16
12932,16
8751,16
8808,16
13239,16
4260,16
4991,16
5134,16
9647,16
5344,16
9902,16
9954,16
5728,16
10343,16
1355,16
6154,16
6173,16
1460,16
10703,16
6444,16
11003,16
11799,16
7453,16
7489,16
2830,16
12712,16
8429,16
8732,16
4395,16
9284,16
9354,16
9425,16
5345,16
10086,16
14682,16
1279,16
1516,16
10721,16
6362,16
1779,16
6588,16
1995,16
7379,16
2685,16
11907,16
7801,16
7950,15
7989,15
3387,15
8501,15
3764,15
8626,15
5230,15
9632,15
9652,15
5364,15
5504,15
807,15
6121,15
10688,15
11123,15
6830,15
7016,15
2275,15
12143,15
3449,15
8830,15
9078,15
4654,15
4938,15
9462,15
9980,15
860,15
14773,15
10195,15
10380,15
6256,15
6629,15
6957,15
11485,15
7701,15
3128,15
12398,15
8338,15
8412,15
8701,15
4001,15
8904,15
4120,15
4482,15
268,15
14047,15
9579,15
5409,15
1929,15
6869,15
11413,15
7970,15
8339,15
8886,15
8905,15
13666,15
4832,15
14032,15
9562,15
5696,15
10348,15
6021,15
1396,15
10611,15
6258,15
6559,15
1893,15
6757,15
15885,15
2175,15
2423,15
7441,15
8130,15
12488,15
8358,15
4038,15
13284,15
4442,15
4485,15
14033,15
14179,15
9889,15
10057,15
5833,15
10236,15
5911,15
1319,15
6259,15
6383,15
11179,15
7300,15
11704,15
16249,15
7593,15
7915,15
8110,15
12644,15
12939,15
3927,15
8834,15
9127,15
4325,15
13527,15
4716,15
9148,15
4834,15
4871,15
5000,15
5036,15
6076,15
10493,15
1419,15
10817,15
6471,15
6759,15
6777,15
11346,15
11824,15
7497,15
11895,15
11966,15
2928,15
7807,15
3298,15
3524,15
8454,15
8650,15
3928,15
13370,15
5053,15
10614,15
6261,15
10675,15
15288,15
10855,15
15480,15
11490,15
11619,15
7771,15
3000,15
3037,15
7881,15
3074,15
8286,15
8343,15
8528,15
3771,15
4062,15
4108,15
9004,15
4287,15
4818,15
14052,15
14434,15
5548,15
10239,15
10276,15
6128,15
15079,15
10676,15
10872,15
6546,15
6800,15
11182,15
7004,15
7320,15
7578,15
11933,15
7829,15
7882,15
3339,15
3375,15
8287,15
8473,15
3694,15
12975,15
8966,15
4387,15
4405,15
4874,15
9451,15
9529,15
14167,15
9641,15
9838,15
9895,15
5879,15
6147,15
10820,15
11219,15
7284,15
11916,15
2840,15
3118,15
8383,15
8401,15
3816,15
13010,15
13289,15
9028,15
13305,15
9314,15
5475,15
5704,15
10186,15
10548,15
11332,15
7103,15
7159,15
7285,15
7978,15
8218,15
8346,15
8565,15
4494,15
9153,15
9171,15
9297,15
14120,15
14270,15
9725,15
10081,15
10152,15
10372,15
6098,15
6169,15
6210,15
6246,15
10680,15
6493,15
6621,15
11115,15
11151,15
11478,15
11677,15
11762,15
7543,15
7583,15
3004,15
12375,15
8100,15
8140,15
8331,15
17204,15
8515,15
13341,15
14438,15
939,15
15051,15
10550,15
10681,15
6477,15
6622,15
11094,15
11222,15
11372,15
7124,15
7415,15
11902,15
7816,15
7963,15
3379,15
12766,15
8477,15
8860,15
13342,15
9093,15
4649,15
4667,15
4687,15
4764,15
9211,15
14023,15
14357,15
14496,15
5800,15
10245,15
5960,15
6066,15
10517,15
6785,15
6879,15
11661,15
7546,15
12100,15
8199,15
8623,15
8989,15
9074,15
13378,15
4744,15
9212,15
4879,15
10013,15
5943,15
11096,15
7071,15
2255,15
16240,15
11833,15
7547,15
12084,15
7761,15
8022,15
3405,15
3606,15
13015,15
8937,15
13278,15
4241,15
13328,15
4689,15
13800,15
5116,15
14140,15
9751,15
5556,15
10191,15
10247,15
10377,15
6410,15
10863,15
10914,15
11139,15
11207,15
7698,15
12195,15
12447,15
3406,15
8352,15
8409,15
8678,15
8955,15
4936,15
9498,15
14699,15
10137,15
1111,15
10687,15
10737,15
6555,15
6606,15
6789,15
2100,15
11682,15
2644,15
7490,15
11852,15
11923,15
7622,15
7740,15
12232,15
3310,14
8147,14
3328,14
8482,14
12983,14
4017,14
4118,14
9285,14
9337,14
5098,14
14292,14
14308,14
9884,14
995,14
10830,14
10950,14
11285,14
11467,14
11613,14
2533,14
7362,14
11769,14
2763,14
2889,14
2975,14
7931,14
8411,14
3807,14
9015,14
4281,14
4594,14
13663,14
4636,14
4958,14
9578,14
9734,14
14394,14
9959,14
5674,14
10214,14
10329,14
10539,14
10556,14
6313,14
1692,14
6590,14
11047,14
7131,14
11752,14
11837,14
7682,14
2907,14
2941,14
8205,14
8228,14
12569,14
3466,14
3484,14
3983,14
13122,14
9101,14
9179,14
13993,14
5033,14
9735,14
5431,14
6432,14
6574,14
1804,14
11027,14
6736,14
12199,14
8071,14
8248,14
8414,14
8486,14
8574,14
8592,14
9018,14
9580,14
5677,14
14775,14
10294,14
10332,14
10365,14
6295,14
6334,14
10725,14
10902,14
2019,14
15800,14
7113,14
11487,14
7225,14
16265,14
11805,14
7724,14
8109,14
8664,14
5035,14
9544,14
5391,14
14649,14
10163,14
10217,14
5988,14
6125,14
10575,14
10653,14
6399,14
6796,14
11250,14
6906,14
7021,14
7114,14
11789,14
11806,14
11876,14
12000,14
7879,14
8687,14
4059,14
4085,14
9066,14
9183,14
13827,14
14098,14
9600,14
14281,14
9817,14
14552,14
10059,14
5735,14
10200,14
10237,14
10384,14
10637,14
6488,14
11216,14
6943,14
6963,14
7301,14
11671,14
11722,14
2963,14
8251,14
12589,14
3812,14
13247,14
4698,14
9184,14
5240,14
9855,14
5494,14
14553,14
6242,14
1558,14
11052,14
15647,14
11147,14
11329,14
11636,14
16338,14
7461,14
11914,14
7846,14
7863,14
7899,14
12354,14
8155,14
13007,14
9185,14
5054,14
5087,14
14149,14
9966,14
10094,14
10184,14
6095,14
10512,14
1645,14
6510,14
6598,14
6669,14
6909,14
6945,14
11809,14
11863,14
7519,14
7901,14
3174,14
3815,14
4289,14
4838,14
9364,14
14284,14
5738,14
6339,14
6371,14
6474,14
1862,14
15666,14
2363,14
7249,14
7372,14
11793,14
11934,14
7731,14
12170,14
3039,14
8546,14
8745,14
13200,14
4144,14
4254,14
13479,14
13962,14
9436,14
5129,14
5608,14
5838,14
6264,14
10997,14
11092,14
6763,14
12080,14
7756,14
7775,14
3040,14
12390,14
9051,14
5147,14
9569,14
9701,14
5591,14
5648,14
10046,14
10064,14
10424,14
10480,14
6284,14
10805,14
15434,14
15617,14
15950,14
7104,14
12061,14
7833,14
12634,14
8476,14
3934,14
8766,14
4093,14
4129,14
17721,14
13481,14
4685,14
4763,14
14040,14
5167,14
9787,14
14404,14
5553,14
9972,14
5592,14
10153,14
6407,14
6425,14
10823,14
15417,14
1685,14
6804,14
6896,14
2406,14
8002,14
8197,14
3477,14
8842,14
8952,14
8988,14
9137,14
4392,14
9229,14
4878,14
9477,14
10482,14
10583,14
15295,14
10790,14
10844,14
2306,14
11556,14
2563,14
11903,14
2885,14
12327,14
12564,14
17172,14
12860,14
8675,14
13082,14
8936,14
13360,14
4708,14
14305,14
9768,14
10100,14
10155,14
10393,14
6461,14
10913,14
11078,14
11260,14
15896,14
15970,14
7326,14
7586,14
12042,14
7908,14
8144,14
3762,14
13256,14
9373,14
9407,14
9707,14
5362,14
14375,14
907,14
5886,14
10503,14
1745,14
1852,14
6677,14
11079,14
6769,14
2256,14
2350,14
11611,14
7273,14
11767,14
11783,14
7549,14
7718,14
3046,14
3289,14
12500,14
3428,14
8278,14
8606,14
4279,14
4746,14
14108,14
9708,14
5557,14
10051,14
5786,14
10704,14
10932,14
11023,14
6828,14
6900,14
7221,14
7550,14
8050,13
12484,13
8244,13
3572,13
12753,13
8554,13
3959,13
13120,13
8902,13
8956,13
13840,13
14342,13
10310,13
1212,13
6274,13
6292,13
10667,13
1961,13
7455,13
12047,13
7856,13
12197,13
8148,13
3670,13
8538,13
3785,13
4439,13
13767,13
9393,13
5274,13
9773,13
689,13
10346,13
10398,13
10831,13
10917,13
6573,13
6663,13
1979,13
6832,13
11264,13
15991,13
2333,13
11596,13
7330,13
2976,13
7841,13
7932,13
3432,13
8374,13
8523,13
13243,13
13315,13
9124,13
13436,13
4398,13
13664,13
9654,13
5293,13
10196,13
10399,13
6648,13
11287,13
2313,13
2334,13
11562,13
7404,13
2851,13
3787,13
8629,13
4054,13
13266,13
13283,13
4509,13
4753,13
5140,13
10198,13
10216,13
10272,13
6108,13
6141,13
6160,13
10634,13
10762,13
1675,13
6631,13
11028,13
11067,13
6852,13
6870,13
11452,13
7278,13
2926,13
7972,13
12469,13
8230,13
8322,13
12922,13
3845,13
13004,13
8797,13
13089,13
8833,13
4193,13
4715,13
4815,13
9563,13
5234,13
608,13
9944,13
10125,13
15358,13
6576,13
11050,13
16113,13
7226,13
2424,13
7333,13
2591,13
7407,13
2671,13
16453,13
11982,13
12130,13
3072,13
8396,13
8649,13
8704,13
9045,13
4697,13
9397,13
9414,13
5161,13
9564,13
9673,13
9693,13
625,13
14366,13
5392,13
5471,13
5492,13
10837,13
10888,13
6595,13
6667,13
11489,13
11705,13
11790,13
11877,13
8471,13
13650,13
13865,13
9449,13
14164,13
5279,13
9674,13
9928,13
14795,13
6006,13
10544,13
6436,13
6472,13
1826,13
6687,13
11417,13
11437,13
11672,13
16268,13
7409,13
2769,13
12114,13
12321,13
8596,13
12909,13
8910,13
9132,13
13634,13
4907,13
9312,13
14117,13
9782,13
5394,13
5495,13
10041,13
10149,13
5777,13
10166,13
10202,13
5859,13
10475,13
6146,13
6165,13
10596,13
10801,13
11164,13
2196,13
7303,13
2595,13
7429,13
3510,13
17334,13
13111,13
4089,13
13250,13
13304,13
13635,13
4645,13
13689,13
4820,13
13849,13
4948,13
5128,13
5567,13
10150,13
5898,13
10406,13
6226,13
10748,13
6580,13
1900,13
6858,13
7083,13
11864,13
2713,13
7615,13
12021,13
7960,13
8217,13
8329,13
3696,13
17375,13
8598,13
13653,13
4682,13
4720,13
9170,13
9278,13
5004,13
9418,13
9550,13
9623,13
5243,13
14252,13
14402,13
10371,13
10659,13
1561,13
6439,13
10821,13
6457,13
1738,13
6671,13
6859,13
11387,13
7692,13
7734,13
8017,13
12422,13
8195,13
3398,13
8403,13
8424,13
3853,13
4128,13
9029,13
4541,13
9189,13
13871,13
4950,13
392,13
5223,13
10170,13
10205,13
10355,13
10440,13
10660,13
10859,13
10876,13
10910,13
6550,13
6710,13
11221,13
11710,13
11728,13
7656,13
8081,13
3267,13
8425,13
8443,13
3798,13
8694,13
12995,13
8786,13
4629,13
14219,13
14336,13
5380,13
9824,13
9861,13
10028,13
10047,13
6082,13
6304,13
10771,13
10789,13
10877,13
6746,13
11136,13
15734,13
11204,13
11241,13
6878,13
11258,13
2183,13
11535,13
11884,13
11972,13
2827,13
12062,13
7834,13
12192,13
12425,13
12784,13
4434,13
9173,13
4913,13
296,13
9439,13
9705,13
5340,13
5360,13
9900,13
9936,13
5575,13
5980,13
6250,13
1513,13
6460,13
15619,13
6694,13
2201,13
11868,13
7619,13
7798,13
3605,13
12823,13
8551,13
8568,13
8657,13
8750,13
8769,13
8807,13
4186,13
14139,13
9665,13
5594,13
924,13
5866,13
10325,13
6232,13
6344,13
15278,13
6768,13
6864,13
7289,13
7620,13
7697,13
7799,13
12194,13
3288,13
8314,13
13189,13
8954,13
9159,13
4827,13
5029,13
9441,13
5078,13
9609,13
5228,13
9666,13
14290,13
5615,13
5688,13
10136,13
5944,13
10775,13
16380,13
11922,13
7587,13
2954,13
8260,13
3499,13
4610,13
4670,13
4690,13
4828,13
9539,13
5363,13
10289,13
5963,13
6087,13
1800,13
6752,13
11227,13
2331,13
11576,13
7238,13
7421,13
3126,12
12429,12
12622,12
8715,12
13136,12
8865,12
8883,12
4100,12
8939,12
13452,12
4748,12
4829,12
9304,12
9481,12
9611,12
10016,12
10071,12
10159,12
14772,12
6017,12
6177,12
10555,12
10794,12
15405,12
11025,12
11209,12
7510,12
7530,12
11908,12
7571,12
12068,12
8245,12
8392,12
3765,12
8608,12
13505,12
13895,12
13914,12
9689,12
9867,12
10017,12
5769,12
10250,12
10415,12
10449,12
6106,12
10572,12
10900,12
6735,12
11286,12
7039,12
7190,12
7206,12
2517,12
7590,12
7608,12
12181,12
12467,12
3368,12
8611,12
3903,12
13087,12
8848,12
4053,12
4616,12
4978,12
14031,12
14210,12
10089,12
14736,12
5789,12
14840,12
5932,12
15197,12
6333,12
15301,12
6397,12
10884,12
6591,12
11083,12
1912,12
11107,12
7058,12
7241,12
2495,12
11686,12
7383,12
11787,12
7573,12
2818,12
7625,12
12128,12
7823,12
12164,12
12217,12
3185,12
8108,12
12773,12
12811,12
8557,12
3883,12
3904,12
3925,12
8757,12
8796,12
4121,12
13316,12
13700,12
13805,12
9308,12
13976,12
9430,12
9446,12
5276,12
5641,12
5854,12
6180,12
6221,12
15166,12
1486,12
11362,12
7020,12
11471,12
2335,12
11738,12
11839,12
2727,12
11946,12
7610,12
8209,12
8283,12
17180,12
3557,12
12971,12
8719,12
8943,12
13667,12
5084,12
14114,12
9871,12
10021,12
5893,12
1217,12
15149,12
11086,12
11109,12
1931,12
6775,12
15784,12
2139,12
11435,12
2245,12
2378,12
11652,12
11755,12
16539,12
7704,12
7769,12
8011,12
8032,12
3260,12
3334,12
3506,12
8341,12
3691,12
8720,12
8870,12
13335,12
9238,12
305,12
9618,12
5660,12
14892,12
15028,12
6110,12
1451,12
10693,12
6453,12
6577,12
1915,12
11128,12
6872,12
6980,12
2521,12
11842,12
7536,12
7594,12
3355,12
9024,12
13302,12
9086,12
4327,12
13591,12
4923,12
9382,12
9467,12
405,12
14197,12
14214,12
14507,12
795,12
5587,12
10317,12
6077,12
15185,12
6528,12
11031,12
11198,12
7023,12
11548,12
11984,12
12077,12
12168,12
12203,12
3245,12
3455,12
12665,12
3755,12
4088,12
4622,12
5002,12
5259,12
9720,12
611,12
5878,12
10298,12
1201,12
10387,12
6338,12
10819,12
11112,12
6761,12
11792,12
11879,12
3055,12
7940,12
12509,12
12666,12
8456,12
4008,12
9089,12
4330,12
5164,12
5260,12
5336,12
5513,12
10079,12
1271,12
6129,12
10658,12
15362,12
10840,12
6547,12
11254,12
11274,12
6966,12
6985,12
7119,12
11657,12
11708,12
16473,12
2806,12
12059,12
12405,12
12685,12
8440,12
12779,12
8581,12
8671,12
8764,12
8894,12
4310,12
4664,12
5023,12
460,12
9604,12
5222,12
14234,12
9661,12
9745,12
5438,12
5532,12
9992,12
10096,12
10169,12
6060,12
10619,12
6620,12
11034,12
11074,12
6840,12
11533,12
7232,12
16152,12
7322,12
7393,12
11828,12
12282,12
8062,12
8177,12
3475,12
12614,12
12649,12
12896,12
8672,12
8785,12
4291,12
9226,12
4986,12
14403,12
14476,12
9970,12
14622,12
903,12
10302,12
10532,12
10549,12
10642,12
6476,12
1773,12
6583,12
2044,12
6928,12
2182,12
11442,12
11571,12
7251,12
7269,12
11640,12
7286,12
11829,12
11901,12
12081,12
12172,12
12207,12
3513,12
12669,12
3721,12
13725,12
9404,12
5113,12
5630,12
5822,12
10860,12
1956,12
11572,12
11938,12
12461,12
8386,12
17221,12
12996,12
8934,12
13221,12
13237,12
13276,12
13292,12
9073,12
9117,12
9405,12
5093,12
5247,12
9807,12
14801,12
14833,12
10304,12
10323,12
5996,12
10462,12
10622,12
10966,12
11095,12
6825,12
7162,12
7760,12
7925,12
3402,12
12580,12
3550,12
4148,12
13310,12
13466,12
4727,12
9318,12
5094,12
9514,12
14188,12
14273,12
9808,12
10118,12
10246,12
5885,12
10624,12
10930,12
10967,12
10985,12
11243,12
11279,12
11464,12
11557,12
11697,12
7568,12
2846,12
8259,12
12751,12
13151,12
4075,12
13362,12
4338,12
13450,12
13838,12
5153,12
5209,12
9881,12
5634,12
5765,12
6068,12
10569,12
6328,12
10754,12
1886,12
6750,12
2048,12
6935,12
11375,12
7054,12
7220,12
12176,12
7909,12
12290,12
3308,12
12483,12
3517,12
3534,12
3588,12
8447,12
8642,12
13152,12
4188,12
13345,12
13486,12
4530,12
13583,12
5030,12
5251,12
9648,12
5271,12
5307,12
14594,12
5670,12
10309,12
1161,12
10504,12
1445,12
6378,12
10987,12
11174,12
2032,12
11376,12
7014,12
7570,12
12212,12
12271,11
7967,11
8317,11
8336,11
8521,11
12882,11
13000,11
13259,11
9098,11
4396,11
4691,11
13820,11
9355,11
14027,11
9540,11
5174,11
5190,11
5308,11
5387,11
9922,11
14575,11
5751,11
6034,11
10414,11
10468,11
10538,11
1483,11
10758,11
10849,11
6522,11
10916,11
11700,11
2587,11
12013,11
7802,11
16767,11
8166,11
3388,11
3465,11
8994,11
4342,11
13419,11
4572,11
4866,11
9410,11
5639,11
5656,11
1537,11
15282,11
6413,11
10883,11
11082,11
11412,11
11450,11
2276,11
11541,11
11684,11
7403,11
11819,11
16383,11
12127,11
3240,11
3538,11
3574,11
8717,11
8831,11
4080,11
4136,11
4172,11
8995,11
13332,11
13541,11
13587,11
4573,11
4732,11
9217,11
9307,11
13953,11
318,11
14160,11
14177,11
14363,11
10054,11
10123,11
14718,11
10143,11
6123,11
10524,11
6220,11
6257,11
10690,11
10953,11
6940,11
7019,11
7112,11
7133,11
7457,11
2726,11
7647,11
12182,11
3069,11
3202,11
8055,11
12432,11
12659,11
12937,11
8647,11
13210,11
13367,11
4441,11
13788,11
9219,11
9464,11
5294,11
9777,11
5601,11
5658,11
10235,11
10452,11
10558,11
6201,11
6277,11
11010,11
11085,11
15763,11
11414,11
11687,11
11703,11
2819,11
12255,11
3505,11
12813,11
8525,11
12987,11
4083,11
8906,11
13508,11
4869,11
9291,11
9431,11
14195,11
9692,11
5470,11
1284,11
6109,11
1450,11
10869,11
7062,11
11508,11
11528,11
11546,11
11599,11
7426,11
2981,11
7973,11
12417,11
3315,11
12490,11
17065,11
3558,11
8436,11
12956,11
8908,11
13285,11
9258,11
4945,11
14230,11
14247,11
9909,11
5546,11
10005,11
5774,11
14777,11
5812,11
10296,11
6435,11
10921,11
6561,11
6797,11
2106,11
11416,11
11436,11
16048,11
11600,11
7334,11
7687,11
2945,11
7826,11
7918,11
7974,11
12628,11
12721,11
8543,11
5143,11
9546,11
9658,11
5297,11
659,11
5565,11
9965,11
5701,11
10297,11
10335,11
10368,11
10456,11
10978,11
6837,11
2447,11
7351,11
2874,11
12055,11
8326,11
17199,11
13320,11
4366,11
9204,11
4926,11
13959,11
14001,11
9434,11
5071,11
14400,11
9837,11
5937,11
10747,11
11199,11
11253,11
11292,11
6984,11
2339,11
12078,11
3301,11
12612,11
12703,11
8930,11
4309,11
13530,11
13776,11
9261,11
9469,11
9586,11
14351,11
5437,11
14492,11
5646,11
14725,11
10259,11
1203,11
6042,11
6282,11
6322,11
1700,11
10924,11
11016,11
11621,11
7430,11
11952,11
12262,11
8157,11
3419,11
8270,11
3527,11
12763,11
4127,11
13355,11
4410,11
4761,11
13887,11
9330,11
4985,11
14201,11
14352,11
5514,11
5918,11
5939,11
10498,11
6245,11
10697,11
6372,11
10892,11
10925,11
1847,11
6690,11
11238,11
6894,11
2127,11
15949,11
7120,11
11761,11
11987,11
12545,11
12820,11
12944,11
3932,11
8803,11
4044,11
4068,11
13274,11
13324,11
4431,11
4781,11
13983,11
5399,11
5457,11
14675,11
1156,11
10499,11
15139,11
10599,11
1475,11
10822,11
15484,11
11056,11
15668,11
7068,11
11779,11
7432,11
7565,11
11918,11
7796,11
12137,11
8118,11
8272,11
3625,11
8951,11
9115,11
13579,11
4605,11
4912,11
9332,11
5006,11
9420,11
9512,11
14271,11
5419,11
9844,11
9935,11
14606,11
1257,11
6211,11
1457,11
6325,11
15469,11
15599,11
15652,11
1940,11
2011,11
11317,11
11334,11
11711,11
11780,11
11813,11
12121,11
3286,11
3460,11
12670,11
3819,11
8787,11
13254,11
13658,11
13929,11
5043,11
5076,11
9495,11
9553,11
5631,11
10207,11
14850,11
10358,11
6190,11
1458,11
6305,11
15277,11
6517,11
2184,11
11625,11
7871,11
8045,11
3251,11
3444,11
12710,11
8478,11
3723,11
4014,11
13678,11
13727,11
5009,11
5187,11
9608,11
14289,11
5343,11
14390,11
14406,11
14608,11
5801,11
10190,11
10411,11
6085,11
11138,11
6807,11
7090,11
11498,11
11592,11
11662,11
7342,11
11975,11
12064,11
12210,11
8084,11
12532,11
3427,11
8676,11
3937,11
17724,11
9056,11
13484,11
4455,11
245,11
9353,11
14407,11
14533,11
10101,11
5785,11
14819,11
1227,11
10428,11
15088,11
10536,11
1444,11
6290,11
1601,11
10846,11
6481,11
11022,11
1869,11
11121,11
16175,11
11834,11
7838,11
8024,11
3219,11
3667,11
12845,11
3763,11
13032,11
8752,11
8938,11
13257,11
4767,11
9374,11
5210,11
5229,11
14376,11
14464,11
9957,11
959,11
14732,11
1095,11
15111,11
15178,11
10756,11
15371,11
11099,11
11156,11
15973,11
7055,11
11539,11
11716,11
11734,11
16480,11
7605,11
3066,11
12396,10
12412,10
12770,10
3649,10
12864,10
8607,10
3840,10
8699,10
8829,10
13313,10
13627,10
9409,10
14158,10
9731,10
9812,10
14595,10
10052,10
10121,10
14752,10
5888,10
10290,10
10328,10
15072,10
6196,10
10705,10
6347,10
10899,10
6538,10
10972,10
1910,10
6956,10
11449,10
11648,10
11890,10
12162,10
7840,10
3729,10
13001,10
8716,10
13034,10
8884,10
8903,10
13608,10
9178,10
9287,10
9482,10
14111,10
14176,10
5213,10
9905,10
14538,10
10142,10
10723,10
10760,10
6557,10
10989,10
15567,10
1997,10
2102,10
2440,10
7511,10
8053,10
8149,10
8167,10
12503,10
8319,10
8738,10
13138,10
13282,10
5065,10
9542,10
453,10
9560,10
10002,10
14823,10
15232,10
15283,10
6365,10
10740,10
1656,10
1673,10
15708,10
7224,10
11804,10
11857,10
7877,10
8150,10
3391,10
12537,10
3433,10
8451,10
12849,10
13156,10
4081,10
8960,10
13456,10
13630,10
9181,10
13898,10
5194,10
10090,10
15043,10
10815,10
15391,10
6486,10
15427,10
1695,10
2037,10
15824,10
6921,10
7134,10
11669,10
16500,10
12317,10
3392,10
3452,10
13212,10
13422,10
4640,10
9220,10
9237,10
4852,10
9273,10
4943,10
288,10
9396,10
9617,10
9636,10
9963,10
5642,10
10107,10
10181,10
10366,10
10418,10
10434,10
6181,10
6317,10
15303,10
1713,10
10992,10
11127,10
6871,10
6979,10
11415,10
7349,10
11721,10
11773,10
7535,10
7994,10
3188,10
12385,10
8189,10
3415,10
12663,10
17388,10
12907,10
8852,10
13179,10
13386,10
13773,10
9201,10
9292,10
9361,10
14016,10
14213,10
9988,10
10510,10
10560,10
1488,10
15305,10
6400,10
10854,10
10905,10
11110,10
11635,10
7669,10
12112,10
3207,10
8058,10
8093,10
8380,10
8510,10
8527,10
13126,10
9067,10
4348,10
13719,10
13737,10
9222,10
9398,10
9505,10
15046,10
10638,10
10712,10
6369,10
10906,10
10958,10
6652,10
6778,10
11366,10
11384,10
11401,10
11566,10
11843,10
7538,10
7670,10
7728,10
7828,10
16809,10
7996,10
12337,10
8192,10
3509,10
8381,10
12798,10
12941,10
8651,10
13024,10
13287,10
4252,10
4386,10
13529,10
13980,10
9383,10
14215,10
5220,10
9640,10
9675,10
796,10
1236,10
15063,10
10529,10
10615,10
10839,10
10856,10
6874,10
7025,10
7155,10
11549,10
2523,10
2558,10
16289,10
7391,10
8193,10
3581,10
3756,10
8617,10
4025,10
4109,10
13272,10
4235,10
4351,10
13547,10
4719,10
9151,10
4797,10
9676,10
10111,10
10279,10
1384,10
1422,10
10597,10
6387,10
10767,10
6491,10
10891,10
6706,10
11149,10
11349,10
2322,10
7231,10
2503,10
11777,10
7463,10
7483,10
11845,10
11898,10
11986,10
12004,10
12079,10
7866,10
12389,10
8115,10
12458,10
3582,10
3852,10
4163,10
13251,10
13427,10
4469,10
13549,10
9453,10
5165,10
14656,10
14674,10
14798,10
10241,10
6027,10
10407,10
10477,10
10749,10
1829,10
15593,10
15650,10
1938,10
11184,10
15772,10
11794,10
11811,10
12136,10
7922,10
7943,10
16845,10
3662,10
8876,10
13357,10
13428,10
13532,10
13618,10
13741,10
4722,10
13834,10
9950,10
9993,10
10261,10
6324,10
1546,10
10982,10
6656,10
11075,10
6860,10
6895,10
2095,10
11333,10
11370,10
2235,10
11517,10
11694,10
11866,10
11883,10
12154,10
12190,10
3101,10
8018,10
12562,10
8365,10
3680,10
12897,10
3777,10
12929,10
8637,10
13012,10
8824,10
13657,10
9367,10
9438,10
5206,10
14287,10
5323,10
5359,10
9805,10
14570,10
14623,10
10391,10
10442,10
10717,10
6441,10
10945,10
11037,10
11169,10
11187,10
11389,10
11406,10
11831,10
11848,10
7566,10
12138,10
8141,10
3361,10
17040,10
17205,10
8602,10
9010,10
4221,10
4257,10
4275,10
13359,10
4497,10
13693,10
9349,10
9422,10
14405,10
10099,10
10154,10
10567,10
6286,10
15368,10
1742,10
11039,10
6805,10
11242,10
6952,10
7034,10
11609,10
11644,10
11731,10
11765,10
12009,10
12025,10
12083,10
12309,10
3269,10
3324,10
3478,10
8603,10
4298,10
4356,10
13816,10
9230,10
9282,10
9301,10
13930,10
9406,10
14090,10
9937,10
9997,10
5904,10
1259,10
1295,10
10552,10
10683,10
10753,10
15314,10
10896,10
11119,10
11206,10
6915,10
11626,10
7358,10
11782,10
11798,10
7716,10
12140,10
12565,10
12880,10
8658,10
13118,10
4224,10
13745,10
9175,10
4863,10
9390,10
5045,10
9769,10
14359,10
9847,10
9864,10
5520,10
14609,10
5653,10
10085,10
14750,10
10267,10
10287,10
5982,10
6048,10
10628,10
10736,10
6377,10
1976,10
15721,10
6993,10
7013,10
11482,10
2370,10
11575,10
7640,10
12011,10
16901,10
3726,10
13746,10
4729,10
9176,10
9195,10
9391,10
9517,10
5189,10
14425,10
9903,10
10032,10
10102,10
5869,10
10395,10
1228,10
10570,10
10666,10
10828,10
1689,10
10971,10
15657,10
11208,10
2436,10
11699,10
16648,10
12125,10
